t,avg_water_temp,n_active_bubbles,retentained,dissolved,degraded,precipitated,leached
0.1,20.0010376,0,99.99981175,0.000176,1.23E-05,0,0.000176
0.6,20.00628662,0,99.99957329,0.000366715,6.00E-05,0,0.000366715
1.2,20.0133667,0,99.99950427,0.000379386,0.000116347,0,0.000379386
1.7,20.02023315,0,99.99946662,0.000379952,0.000153432,0,0.000379952
2.2,20.02813721,0,99.99941642,0.000380003,0.000203581,0,0.000380003
2.7,20.03707886,0,99.99938504,0.000380022,0.000234938,0,0.000380022
3.2,20.04705811,0,99.99932229,0.000380046,0.000297665,0,0.000380046
3.7,20.05807495,0,99.99927836,0.000380081,0.000341556,0,0.000380081
4.3,20.07269287,0,99.99923444,0.000380138,0.000385424,0,0.000380138
4.9,20.08889771,0,99.99917169,0.000380213,0.0004481,0,0.000380213
5.5,20.10662842,0,99.99911521,0.000380305,0.000504484,0,0.000380305
6.1,20.1260376,0,99.99905873,0.000380422,0.000560843,0,0.000380422
6.69590144,20.14697266,0,99.99901481,0.000380568,0.000604622,0,0.000380568
7.221053559,20.1668396,0,99.99900853,0.000380731,0.000610735,0,0.000380731
7.750815917,20.18838501,0,99.99900853,0.000380946,0.00061052,0,0.000380946
8.283338336,20.21142578,0,99.99900853,0.000381247,0.000610219,0,0.000381247
8.818678702,20.23614502,0,99.99900853,0.000381658,0.000609808,0,0.000381658
9.357185387,20.26263428,0,99.99900853,0.0003822,0.000609266,0,0.0003822
9.899462337,20.29089355,0,99.99900853,0.000382891,0.000608575,0,0.000382891
10.4020916,20.318573,0,99.99900853,0.000383677,0.000607788,0,0.000383677
10.91476734,20.34838867,0,99.99900853,0.00038464,0.000606826,0,0.00038464
11.43238669,20.37994385,0,99.99900853,0.000385794,0.000605672,0,0.000385794
11.95184873,20.41314697,0,99.99900226,0.000387154,0.000610587,0,0.000387154
12.47004298,20.44760132,0,99.99900226,0.000388726,0.000609015,0,0.000388726
12.98685005,20.48342896,0,99.99900226,0.000390516,0.000607225,0,0.000390516
13.50088233,20.52044678,0,99.99900226,0.000392509,0.000605232,0,0.000392509
14.01206857,20.55905151,0,99.99900226,0.000394671,0.00060307,0,0.000394671
14.521874,20.60025024,0,99.99900226,0.000396937,0.000600804,0,0.000396937
15.03891779,20.64593506,0,99.99900226,0.000399288,0.000598453,0,0.000399288
15.5480995,20.69726563,0,99.99900226,0.000402188,0.000595553,0,0.000402188
16.06766009,20.75997925,0,99.99899598,0.000406885,0.000597131,0,0.000406885
16.57691217,20.83502197,0,99.99898971,0.000414014,0.000596277,0,0.000414014
17.07820516,20.92288208,0,99.99898343,0.000424581,0.000591985,0,0.000424581
17.59792626,21.02667236,0,99.99895833,0.000443276,0.000598391,0,0.000443276
18.11462984,21.13848877,0,99.99893323,0.000470269,0.000596498,0,0.000470269
18.62886926,21.25271606,0,99.99890813,0.000499562,0.000592305,0,0.000499562
19.13728045,21.36346436,0,99.99888303,0.000527443,0.000589525,0,0.000527443
19.63797061,21.46801758,0,99.99885793,0.00055414,0.000587928,0,0.00055414
20.13849163,21.56723022,0,99.99882028,0.000584328,0.000595391,0,0.000584328
20.63984291,21.66159058,0,99.99879518,0.000619401,0.000585419,0,0.000619401
21.1419686,21.75265503,0,99.99875753,0.00065845,0.000584019,0,0.00065845
21.65630693,21.84301758,0,99.9987136,0.00070294,0.000583456,0,0.00070294
22.16468941,21.93066406,0,99.99866968,0.000751307,0.000579015,0,0.000751307
22.66886932,22.01681519,0,99.99862575,0.000802277,0.00057197,0,0.000802277
23.18743682,22.10491943,0,99.99857555,0.00085636,0.000568087,0,0.00085636
23.70554982,22.19390869,0,99.99851908,0.00091203,0.000568894,0,0.00091203
24.21659867,22.28384399,0,99.99845633,0.000971282,0.000572393,0,0.000971282
24.73337871,22.37637329,0,99.99839985,0.001038454,0.000561696,0,0.001038454
25.25120923,22.47018433,0,99.99831827,0.001115908,0.000565819,0,0.001115908
25.76600821,22.56408691,0,99.9982367,0.001201517,0.000561787,0,0.001201517
26.26996985,22.65652466,0,99.99814257,0.00129004,0.00056739,0,0.00129004
26.77217124,22.75009155,0,99.99805472,0.001384025,0.000561256,0,0.001384025
27.2738742,22.84411621,0,99.99795432,0.001484915,0.000560767,0,0.001484915
27.79187427,22.94113159,0,99.99784137,0.001593892,0.000564742,0,0.001593892
28.2989549,23.03622437,0,99.99774096,0.001705385,0.000553651,0,0.001705385
28.81046891,23.13198853,0,99.99761546,0.001823966,0.000560572,0,0.001823966
29.32373066,23.22717285,0,99.99748996,0.001955757,0.000554284,0,0.001955757
29.82986478,23.3192749,0,99.99733936,0.002102551,0.000558092,0,0.002102551
30.3435075,23.41131592,0,99.99718248,0.002263775,0.000553745,0,0.002263775
30.86023689,23.50219727,0,99.99701933,0.002428782,0.000551891,0,0.002428782
31.36507217,23.59069824,0,99.99686245,0.002585311,0.000552239,0,0.002585311
31.87541559,23.68127441,0,99.99670557,0.002741778,0.00055265,0,0.002741778
32.39263643,23.77456665,0,99.99654869,0.002899105,0.0005522,0,0.002899105
32.90806292,23.86737061,0,99.99639809,0.003058214,0.000543693,0,0.003058214
33.41773388,23.95797729,0,99.99623494,0.003219095,0.000545966,0,0.003219095
33.91866669,24.0458374,0,99.99607179,0.003382707,0.000545506,0,0.003382707
34.43243336,24.13446045,0,99.99590236,0.00355188,0.000545761,0,0.00355188
34.94801009,24.22354126,0,99.99574548,0.00371598,0.000538538,0,0.00371598
35.4622484,24.31207275,0,99.99558233,0.003873562,0.000544109,0,0.003873562
35.96506864,24.39587402,0,99.99543173,0.004025246,0.000543027,0,0.004025246
36.46524209,24.47595215,0,99.9952874,0.004175378,0.000537223,0,0.004175378
36.98008145,24.55554199,0,99.99513052,0.004330877,0.000538601,0,0.004330877
37.48881036,24.6340332,0,99.99497992,0.004481906,0.000538174,0,0.004481906
37.99713049,24.71472168,0,99.99482932,0.004634285,0.000536398,0,0.004634285
38.50057964,24.79837036,0,99.99467871,0.004787793,0.000533492,0,0.004787793
39.00464982,24.88632202,0,99.99452184,0.004946421,0.000531742,0,0.004946421
39.5123294,24.97872925,1,99.99435241,0.005112213,0.000535377,0,0.005112213
40.01677795,25.07498169,2,99.99418926,0.005280545,0.000529814,3.84E-07,0.005280929
40.51755728,25.1756897,1,99.99401355,0.005447016,0.000535438,3.99E-06,0.005451006
41.02813179,25.28268433,1,99.99383785,0.005619332,0.000532253,1.06E-05,0.005629932
41.54178204,25.39254761,0,99.99366215,0.005791602,0.000526599,1.97E-05,0.005811302
42.05265479,25.50198364,2,99.99348645,0.005962709,0.000520751,3.01E-05,0.005992809
42.55569323,25.60803223,0,99.99329192,0.006138924,0.000528171,4.10E-05,0.006179924
43.06335003,25.71237183,1,99.99309739,0.006303733,0.000529511,6.94E-05,0.006373133
43.56477629,25.81207275,0,99.99290914,0.00646153,0.000527794,0.000101539,0.006563069
44.07699945,25.9119873,2,99.99272716,0.006637062,0.000517964,0.000117816,0.006754878
44.58273965,26.01223755,2,99.99253891,0.006817389,0.000519159,0.000124546,0.006941935
45.09380518,26.11724854,5,99.99235065,0.006997932,0.000520493,0.000130923,0.007128855
45.6067443,26.22714233,12,99.99216867,0.007172541,0.000517221,0.000141563,0.007314104
46.10737144,26.33972168,10,99.9919867,0.00732712,0.000520594,0.000165589,0.007492709
46.60890603,26.45336914,10,99.99181727,0.007470425,0.000514723,0.000197583,0.007668008
47.11732396,26.56665039,8,99.99164784,0.007608974,0.000515838,0.000227346,0.00783632
47.63059896,26.67706299,10,99.99148469,0.007734146,0.000519424,0.000261742,0.007995888
48.14317985,26.78439331,17,99.99134036,0.007828562,0.000513968,0.000317109,0.008145671
48.65288954,26.89312744,18,99.99119603,0.007928482,0.000513232,0.000362252,0.008290734
49.16556282,27.0071106,23,99.99105171,0.008033656,0.000513523,0.000401115,0.008434771
49.67364016,27.12335205,19,99.99091365,0.008140316,0.00051322,0.00043281,0.008573126
50.17855953,27.24053955,40,99.9907756,0.00824273,0.00051878,0.000462887,0.008705617
50.6865131,27.35733032,32,99.9906501,0.008337514,0.000514975,0.00049741,0.008834924
51.20014221,27.47341919,30,99.9905246,0.00842115,0.000512523,0.000541729,0.008962879
51.70613512,27.58746338,59,99.99040537,0.008483887,0.000508003,0.000602738,0.009086625
52.21106891,27.70184326,67,99.99027359,0.008534399,0.000510574,0.000681433,0.009215832
52.72297372,27.82162476,53,99.99013554,0.008585419,0.000505388,0.000773651,0.00935907
53.23087361,27.94216919,52,99.98998494,0.008643607,0.000500917,0.000870536,0.009514143
53.73778695,28.06378174,46,99.98982179,0.008715732,0.000503115,0.000959366,0.009675098
54.25080273,28.18582153,72,99.98965863,0.008811347,0.00050152,0.001028498,0.009839845
54.75183495,28.29776001,75,99.98950176,0.008908856,0.00049748,0.001091906,0.010000762
55.25705901,28.40881348,78,99.98934488,0.009010059,0.000498817,0.001146244,0.010156303
55.75769011,28.52038574,75,99.98920055,0.009108187,0.000493041,0.00119822,0.010306407
56.25969089,28.63146973,83,99.98905622,0.00920459,0.000487987,0.001251199,0.010455789
56.7606451,28.73910522,73,99.9889119,0.009287895,0.000489851,0.001310357,0.010598252
57.26776248,28.84173584,117,99.98878012,0.009377651,0.000484425,0.001357803,0.010735454
57.76887751,28.93862915,107,99.98865462,0.009474791,0.000483973,0.001386617,0.010861408
58.27064046,29.03500366,121,99.98854167,0.009568044,0.000482021,0.001408268,0.010976312
58.77367585,29.12976074,119,99.98842871,0.009660552,0.00048295,0.001427782,0.011088334
59.28050233,29.22406006,127,99.98832831,0.009743673,0.000470518,0.001457496,0.011201169
59.78285769,29.32034302,149,99.98821536,0.009808176,0.000470644,0.001505818,0.011313994
60.2923023,29.42077637,154,99.98809613,0.009866575,0.000473763,0.001563527,0.011430102
60.79947286,29.5249939,181,99.98798318,0.00991065,0.000469577,0.00163659,0.01154724
61.30357713,29.63095093,203,99.98787651,0.009940683,0.000461513,0.001721298,0.011661981
61.80789193,29.73730469,180,99.98776355,0.009961254,0.00046267,0.001812521,0.011773775
62.31692871,29.84576416,166,99.98765688,0.009973529,0.000462321,0.001907273,0.011880802
62.82220891,29.95291138,189,99.98756275,0.009979836,0.000450987,0.002006426,0.011986262
63.32501934,30.05487061,169,99.9874498,0.00999873,0.000452009,0.002099462,0.012098192
63.83345889,30.15313721,210,99.98733685,0.010029918,0.000443879,0.002189356,0.012219274
64.34375136,30.24911499,261,99.98721135,0.010078589,0.000441168,0.002268898,0.012347487
64.85201916,30.34362793,269,99.98707957,0.010137975,0.000437189,0.002345268,0.012483243
65.35387419,30.43963623,270,99.98694779,0.010205495,0.00042985,0.002416864,0.012622359
65.85958502,30.54046631,269,99.98680346,0.01027781,0.000432009,0.002486717,0.012764527
66.36289187,30.64419556,320,99.98667169,0.010341304,0.000425948,0.002561062,0.012902366
66.86582356,30.74743652,343,99.98654618,0.010391664,0.000419903,0.002642248,0.013033912
67.36632825,30.85049438,347,99.98641441,0.010430648,0.000428435,0.00272651,0.013157158
67.87789255,30.95480347,353,99.98630773,0.010458452,0.000421081,0.002812735,0.013271187
68.38900797,31.05682373,339,99.98620733,0.01047666,0.000420133,0.002895878,0.013372538
68.89720659,31.15335083,353,99.98611948,0.01048952,0.000412276,0.002978727,0.013468247
69.40781951,31.24481201,364,99.98602535,0.010504704,0.000407907,0.003062037,0.013566741
69.91779345,31.33181763,418,99.98593122,0.010516918,0.000404936,0.003146921,0.013663839
70.42038382,31.4135437,483,99.98584337,0.010513618,0.000401128,0.003241881,0.013755499
70.93093921,31.49472046,450,99.98575552,0.010518239,0.000389461,0.003336778,0.013855017
71.43753958,31.57852173,479,99.98566767,0.010556347,0.000379586,0.003396396,0.013952743
71.94530271,31.66662598,551,99.98556727,0.010623333,0.000384797,0.003424601,0.014047934
72.45253361,31.76065063,508,99.98547942,0.010703465,0.000374292,0.003442826,0.014146291
72.96167533,31.85983276,610,99.98537902,0.010780128,0.000371424,0.003469432,0.01424956
73.46910243,31.96087646,620,99.98527861,0.010848144,0.000361665,0.003511576,0.01435972
73.97322558,32.06658936,569,99.98515311,0.010924288,0.000363541,0.003559059,0.014483347
74.47627126,32.18344116,666,99.98502761,0.011011435,0.000357901,0.003603054,0.014614489
74.9840199,32.31002808,633,99.98490211,0.011093346,0.000351285,0.003653261,0.014746607
75.48964964,32.43914795,730,99.98478288,0.011159107,0.000346919,0.003711093,0.0148702
76.00105393,32.56652832,704,99.9846511,0.011224497,0.000344474,0.003779924,0.015004421
76.51274871,32.69268799,866,99.98453815,0.011261045,0.000332657,0.003868146,0.015129191
77.02583318,32.81903076,931,99.9844252,0.011275114,0.000331048,0.003968638,0.015243752
77.53459236,32.94979858,979,99.98430597,0.011291285,0.000329317,0.004073425,0.01536471
78.03540448,33.07772827,977,99.98418047,0.011301478,0.0003256,0.00419245,0.015493928
78.53553002,33.20080566,890,99.98404869,0.01129636,0.000323431,0.004331514,0.015627874
79.04627771,33.32659912,928,99.98391692,0.011293609,0.000315033,0.00447444,0.015768049
79.55532902,33.45025635,991,99.98377887,0.011262996,0.000313768,0.004644371,0.015907367
80.0575058,33.57080078,992,99.98365336,0.011212008,0.000306693,0.004827935,0.016039943
80.56862912,33.68804932,1096,99.98352159,0.011138386,0.000306813,0.005033215,0.016171601
81.07673316,33.80310059,1104,99.98340236,0.01100864,0.000298993,0.005290008,0.016298648
81.58402445,33.92062378,1161,99.98328313,0.010867378,0.000292111,0.005557379,0.016424757
82.08900566,34.03945923,1224,99.98316391,0.010755748,0.000290481,0.005789865,0.016545613
82.59799584,34.16168213,1291,99.98305723,0.010652588,0.000279641,0.006010542,0.01666313
83.10617143,34.28735352,1215,99.98294428,0.010547328,0.000277055,0.00623134,0.016778668
83.60957797,34.41281128,1166,99.9828376,0.010439022,0.000272775,0.006450603,0.016889625
84.1208253,34.5345459,1259,99.98273092,0.010316892,0.00027016,0.006682024,0.016998916
84.62156609,34.64523315,1334,99.98264307,0.010239934,0.00025562,0.006861373,0.017101307
85.12433105,34.75430298,1382,99.98254267,0.010205231,0.000254374,0.006997725,0.017202956
85.62557842,34.85736084,1427,99.98243599,0.010197096,0.000251829,0.007115081,0.017312177
86.13359455,34.95782471,1485,99.98232932,0.010173601,0.000243509,0.007253573,0.017427174
86.64251247,35.05654907,1471,99.98221009,0.010115068,0.000242678,0.007432163,0.017547231
87.14426004,35.15496826,1664,99.98209086,0.010035067,0.000234063,0.007640007,0.017675074
87.64862975,35.25540161,1762,99.98195281,0.009974062,0.000236106,0.007837021,0.017811083
88.15032536,35.36245728,1631,99.98182731,0.009933109,0.000232292,0.00800729,0.017940399
88.65781073,35.47802734,1611,99.98170808,0.009877636,0.000225519,0.008188762,0.018066398
89.16990418,35.58779907,1742,99.98158886,0.00982175,0.000221167,0.008368228,0.018189978
89.6761068,35.68273926,1817,99.98146335,0.009738746,0.000222067,0.008575833,0.018314579
90.18576907,35.78125,1831,99.98134413,0.009629823,0.00021644,0.008809611,0.018439434
90.68858004,35.88583374,1621,99.98121235,0.009520839,0.000217038,0.009049773,0.018570612
91.19597777,35.9989624,1616,99.9810743,0.009383933,0.000214097,0.009327672,0.018711605
91.69631707,36.11416626,1810,99.98093624,0.00922253,0.000208872,0.009632353,0.018854883
92.20066815,36.22747803,1875,99.98079192,0.009061745,0.000205707,0.00994063,0.019002375
92.70655014,36.34390259,1966,99.98064759,0.008967616,0.000200219,0.010184575,0.019152191
93.21845447,36.47012329,2028,99.98049071,0.008913455,0.000203454,0.010392377,0.019305832
93.72428569,36.6036377,2113,99.98033384,0.008868655,0.000203592,0.010593918,0.019462573
94.23257998,36.74060059,2047,99.98017068,0.008803277,0.00019758,0.01082846,0.019631737
94.74270852,36.87979126,2089,99.97999498,0.008732345,0.000197376,0.011075299,0.019807644
95.25479747,37.01876831,2088,99.97981928,0.008632665,0.000197134,0.011350924,0.019983589
95.76631714,37.15856934,2165,99.97964357,0.008533375,0.000198468,0.011624583,0.020157958
96.27818812,37.30685425,2253,99.97948042,0.00845922,0.000187561,0.011872797,0.020332017
96.78646585,37.46292114,2362,99.97930472,0.008367733,0.000190212,0.012137336,0.020505069
97.29173405,37.62478638,2297,99.97913529,0.00822717,0.000190147,0.012447392,0.020674562
97.79698621,37.78259277,2155,99.97896586,0.008061286,0.000189292,0.012783558,0.020844844
98.29902374,37.92840576,2175,99.97879644,0.00789877,0.000183525,0.013121269,0.021020039
98.80455378,38.06369019,2352,99.97862073,0.007715836,0.00018131,0.013482121,0.021197957
99.3113621,38.18991089,2402,99.97843876,0.007540959,0.000176521,0.013843765,0.021384724
99.81936165,38.31085205,2780,99.97823795,0.007344429,0.000184469,0.01423315,0.021577579
100.3222875,38.4286499,2716,99.97805597,0.007172486,0.000179845,0.014591695,0.021764181
100.8249366,38.55230713,2643,99.97788655,0.007057056,0.000173861,0.014882537,0.021939593
101.3275211,38.68084717,2491,99.97771084,0.006956271,0.000176877,0.015156008,0.022112279
101.8384146,38.81155396,2506,99.97753514,0.006858634,0.000176758,0.015429467,0.022288101
102.3486633,38.94018555,2768,99.97736571,0.006792602,0.000169903,0.015671781,0.022464383
102.8600082,39.06921387,2856,99.97718373,0.006669911,0.000169399,0.015976956,0.022646867
103.3684151,39.20089722,2738,99.97700176,0.006540069,0.000173871,0.016284304,0.022824373
103.8742248,39.33428955,2690,99.97683233,0.006438734,0.000172708,0.016556229,0.022994963
104.3847752,39.47506714,2818,99.97666918,0.006363353,0.000163746,0.016803725,0.023167078
104.8880617,39.61978149,2710,99.97649347,0.006259119,0.00016551,0.017081897,0.023341016
105.393169,39.76867676,2963,99.97632405,0.006153695,0.000168121,0.017354138,0.023507833
105.9021563,39.91470337,3202,99.97616717,0.006056476,0.000160367,0.017615989,0.023672465
106.4040085,40.05172729,3199,99.97600402,0.005928514,0.000167915,0.017899555,0.023828069
106.9091148,40.17950439,3066,99.97585341,0.00575998,0.000165986,0.01822062,0.0239806
107.4093289,40.30062866,3061,99.97569026,0.005557226,0.000169335,0.018583178,0.024140404
107.9181568,40.4206543,3145,99.97551456,0.005396169,0.000171431,0.018917842,0.024314011
108.4200628,40.53656006,3265,99.97533886,0.00528775,0.000173156,0.019200238,0.024487988
108.9260156,40.65084839,3207,99.97516943,0.005205559,0.000170175,0.019454838,0.024660397
109.4340897,40.75836182,3109,99.975,0.005103577,0.000170771,0.019725652,0.024829229
109.9369135,40.85903931,3096,99.97483685,0.00501648,0.0001669,0.019979773,0.024996253
110.4439691,40.95202637,3257,99.97466114,0.004945262,0.00017343,0.020220163,0.025165425
110.9474304,41.03048706,3429,99.97448544,0.004868129,0.000177251,0.020469178,0.025337307
111.4486494,41.10083008,3252,99.97431601,0.004804391,0.000178177,0.020701418,0.025505809
111.9592541,41.17788696,3018,99.97414659,0.004793077,0.000181,0.020879336,0.025672413
112.4616909,41.26205444,3268,99.97398343,0.004813726,0.00018,0.02102284,0.025836566
112.9709952,41.34024048,3375,99.97382028,0.004812051,0.000173389,0.021194279,0.02600633
113.481302,41.41555786,3298,99.97364458,0.004805395,0.000178388,0.021371639,0.026177034
113.9865055,41.49514771,3445,99.97347515,0.004789227,0.000177982,0.02155764,0.026346867
114.4890925,41.57611084,3581,99.97330572,0.00471452,0.000179317,0.02180044,0.02651496
114.9964374,41.66592407,3807,99.97314257,0.004579107,0.000179066,0.022099257,0.026678364
115.5012041,41.76687622,3680,99.97297942,0.004406112,0.000186095,0.022428375,0.026834487
116.0025613,41.87762451,3728,99.97282882,0.004237652,0.000185178,0.022748354,0.026986006
116.5070165,41.99206543,3162,99.97267821,0.004093568,0.000187698,0.02304052,0.027134088
117.0084467,42.10592651,2899,99.97254016,0.003999073,0.000180918,0.023279849,0.027278922
117.5139771,42.22232056,2941,99.97238956,0.003990137,0.000182496,0.023437808,0.027427945
118.0141121,42.33822632,3160,99.97223268,0.004027356,0.000181815,0.023558149,0.027585505
118.5195614,42.45419312,3450,99.97206325,0.004072628,0.000183443,0.023680675,0.027753303
119.0273774,42.57284546,3288,99.97190638,0.004103097,0.00018107,0.023809457,0.027912554
119.5337422,42.6918335,3657,99.97176205,0.004101895,0.000177144,0.023958912,0.028060807
120.0389666,42.81350708,3965,99.97160517,0.004063281,0.000183047,0.024148501,0.028211782
120.5403496,42.94125366,3721,99.97144829,0.003990911,0.000186085,0.024374711,0.028365622
121.0444126,43.08279419,3790,99.97128514,0.003929375,0.000192407,0.024593078,0.028522453
121.5489126,43.22360229,3624,99.97112199,0.003866362,0.000193168,0.024818482,0.028684844
122.0506514,43.35528564,3415,99.97096511,0.003833012,0.000195044,0.025006833,0.028839845
122.5568217,43.47653198,3862,99.97080823,0.00382617,0.00019581,0.025169788,0.028995958
123.0640969,43.5859375,3778,99.97063253,0.003845738,0.000207589,0.025314143,0.029159881
123.5756184,43.69439697,3999,99.97045683,0.003878465,0.000211496,0.025453212,0.029331677
124.0844387,43.80603027,3965,99.97026857,0.003827442,0.000216895,0.025687088,0.02951453
124.5938777,43.93063354,3815,99.97008032,0.003711052,0.000222664,0.025985963,0.029697015
125.102585,44.06323242,3890,99.96989834,0.003588904,0.00022996,0.026282792,0.029871696
125.609342,44.19689941,3993,99.96972264,0.003488535,0.000236623,0.026552202,0.030040737
126.118717,44.33084106,3880,99.96956576,0.003358924,0.000244093,0.02683122,0.030190144
126.6283332,44.45681763,4112,99.96942771,0.003215348,0.000253254,0.027103688,0.030319036
127.1373121,44.57397461,3969,99.96929593,0.003100244,0.0002596,0.027344222,0.030444466
127.6404595,44.67630005,4095,99.96916416,0.002995931,0.000270565,0.027569347,0.030565278
128.1454141,44.76739502,4078,99.96904493,0.002876123,0.000274988,0.027803959,0.030680082
128.6458491,44.85562134,4051,99.9689257,0.002779875,0.000288481,0.028005942,0.030785817
129.1554668,44.94744873,4130,99.9688253,0.002711641,0.000284732,0.028178326,0.030889967
129.6599872,45.03811646,3898,99.9686998,0.002671218,0.000298847,0.028330136,0.031001354
130.1617424,45.12942505,3999,99.96856802,0.002670773,0.000298091,0.028463114,0.031133887
130.6713927,45.22402954,4129,99.96841114,0.002697824,0.000303969,0.028587062,0.031284886
131.1826875,45.32348633,3987,99.96826054,0.002715637,0.000304332,0.028719489,0.031435126
131.6924598,45.42089844,3732,99.96812249,0.002728574,0.000300669,0.028848267,0.031576841
132.2032669,45.51785278,3754,99.96797816,0.002742143,0.00030672,0.028972975,0.031715118
132.7131927,45.62539673,3590,99.96784639,0.002764275,0.000304034,0.029085305,0.03184958
133.2170806,45.73745728,3384,99.96772088,0.002810327,0.000299653,0.029169136,0.031979463
133.7191618,45.84414673,3795,99.96757028,0.002881276,0.000309233,0.02923921,0.032120486
134.2255142,45.95932007,3629,99.96740085,0.002994983,0.00029999,0.029304173,0.032299156
134.7318713,46.09115601,3674,99.9672126,0.003071222,0.000306802,0.029409376,0.032480598
135.240481,46.22949219,3748,99.96704317,0.003129663,0.000299964,0.0295272,0.032656863
135.7441249,46.36120605,3919,99.96686119,0.003191285,0.000303774,0.029643746,0.032835031
136.2481893,46.4871521,4195,99.96667922,0.003262264,0.000310851,0.029747668,0.033009932
136.7493953,46.60949707,4099,99.96650351,0.003311999,0.000322418,0.029862069,0.033174068
137.2542616,46.74655151,3892,99.96634036,0.00333293,0.000326584,0.030000124,0.033333054
137.7626126,46.88671875,4136,99.96616466,0.003317774,0.000345561,0.030172006,0.03348978
138.2634235,47.02111816,4084,99.96600778,0.003295686,0.000352822,0.030343711,0.033639397
138.7687879,47.15951538,4285,99.96583835,0.003273599,0.000367939,0.030520109,0.033793708
139.2785168,47.30148315,4500,99.9656501,0.003257039,0.000389352,0.030703509,0.033960548
139.7802537,47.43453979,3920,99.96546812,0.00319259,0.000408784,0.030930503,0.034123093
140.2823208,47.56213379,3989,99.96529869,0.003123705,0.00042669,0.03115091,0.034274615
140.7824587,47.68380737,4173,99.96512299,0.003065853,0.000447097,0.031364058,0.034429911
141.288186,47.78497314,4323,99.96493474,0.002983561,0.000471259,0.031610441,0.034594002
141.7993126,47.86407471,4475,99.96472766,0.002918043,0.000504329,0.031849968,0.034768011
142.2996709,47.92724609,4360,99.96452058,0.002858854,0.000537109,0.032083455,0.034942309
142.801683,47.9720459,4344,99.96430723,0.002786868,0.000569741,0.032336162,0.03512303
143.305386,48.01422119,4281,99.9640876,0.002716622,0.000608648,0.03258713,0.035303752
143.815592,48.06472778,4341,99.96386797,0.002682234,0.000646808,0.032802986,0.03548522
144.3221043,48.13726807,4216,99.96364834,0.002634583,0.000687219,0.033029855,0.035664438
144.8279046,48.23425293,4251,99.96341616,0.002562198,0.000734742,0.033286895,0.035849093
145.3381728,48.34820557,3933,99.96317771,0.002499112,0.000782183,0.033540994,0.036040106
145.8472759,48.45761108,3838,99.96295808,0.002447953,0.000811861,0.033782104,0.036230057
146.3488804,48.56188965,3841,99.96273845,0.002427723,0.000847257,0.033986566,0.036414289
146.8517715,48.66049194,3790,99.9625251,0.002433876,0.000881721,0.034159303,0.036593179
147.3615918,48.74807739,3735,99.9623243,0.002434768,0.000909054,0.03433188,0.036766648
147.8670197,48.8163147,4237,99.96212977,0.00243666,0.000942243,0.034491328,0.036927988
148.3697605,48.86450195,4253,99.96191014,0.002404441,0.001005052,0.034680366,0.037084807
148.8726736,48.91348267,4177,99.96170306,0.00234404,0.001060031,0.034892867,0.037236907
149.3810309,48.97619629,4172,99.96148971,0.002286059,0.00112079,0.035103442,0.037389501
149.8881078,49.05194092,4231,99.96128891,0.002264401,0.001176729,0.035269965,0.037534366
150.388856,49.13690186,4242,99.96109438,0.002246828,0.001233809,0.035424985,0.037671813
150.8962342,49.24404907,4269,99.96089357,0.002241219,0.001300539,0.035564668,0.037805887
151.4014661,49.36700439,4457,99.96069277,0.002234208,0.001368407,0.035704613,0.037938821
151.9092839,49.50634766,4377,99.96049824,0.002223646,0.001434933,0.035843177,0.038066823
152.4183008,49.6645813,4303,99.96031627,0.002200417,0.001501812,0.035981505,0.038181922
152.9232532,49.81735229,4175,99.96014056,0.00216946,0.001572516,0.036117462,0.038286922
153.4284693,49.97335815,4082,99.95999623,0.002130385,0.001614913,0.036258468,0.038388853
153.9345436,50.13626099,3909,99.95983936,0.002087417,0.001657893,0.036415333,0.03850275
154.4404208,50.29129028,3809,99.9596511,0.002075231,0.001691658,0.036582006,0.038657237
154.9475956,50.43753052,3854,99.95943775,0.002105809,0.001721643,0.036734796,0.038840605
155.4512474,50.58065796,4012,99.95921185,0.002151614,0.001761987,0.036874552,0.039026166
155.9617049,50.71893311,4088,99.95898594,0.002198185,0.00181066,0.037005211,0.039203396
156.464433,50.84741211,4318,99.95877259,0.002213054,0.001868942,0.037145414,0.039358468
156.9708594,50.99273682,4075,99.95857179,0.002227818,0.001925557,0.037274838,0.039502656
157.4790809,51.14880371,4076,99.95837098,0.002263116,0.001986463,0.037379437,0.039642553
157.9885824,51.28936768,4305,99.95815763,0.002330255,0.002050123,0.037461991,0.039792246
158.4930199,51.41867065,4058,99.95794428,0.002405664,0.002110319,0.03753974,0.039945404
158.9935507,51.53399658,4080,99.95773092,0.002431397,0.002172572,0.037665107,0.040096504
159.4970516,51.62307739,4191,99.95749247,0.002432702,0.002249501,0.037825328,0.04025803
160.0059169,51.70230103,4322,99.95724147,0.002437852,0.002331314,0.037989369,0.040427221
160.5142674,51.79309082,4433,99.95697791,0.002455327,0.002415447,0.038151314,0.040606641
161.0146309,51.88162231,4499,99.95672063,0.002434632,0.002501118,0.038343618,0.04077825
161.5183199,51.96389771,4289,99.95646335,0.002380991,0.002596972,0.038558684,0.040939675
162.0212975,52.03567505,4467,99.95621235,0.002357564,0.002689648,0.038740438,0.041098002
162.5236183,52.09631348,4390,99.9559488,0.002351728,0.0027887,0.038910776,0.041262504
163.0263638,52.16424561,4663,99.95567269,0.002338552,0.002894793,0.039093964,0.041432516
163.5323906,52.24380493,4351,99.95539031,0.002306056,0.00300741,0.039296223,0.041602279
164.0395538,52.33984375,4474,99.95512676,0.002244124,0.003115716,0.039513403,0.041757527
164.544311,52.43804932,4579,99.95486948,0.002177037,0.00322909,0.039724394,0.041901431
165.0481596,52.54089355,4247,99.95462475,0.002131294,0.003333271,0.039910686,0.04204198
165.5531365,52.64401245,4540,99.95438002,0.002081159,0.003440203,0.040098618,0.042179777
166.0633897,52.73239136,4434,99.95411647,0.002036566,0.003561308,0.04028566,0.042322226
166.5680103,52.81365967,4371,99.95385291,0.002010786,0.003676793,0.04045951,0.042470296
167.0683279,52.89004517,4320,99.95358936,0.001986835,0.003786888,0.040636919,0.042623754
167.5773548,52.95303345,4529,99.95331325,0.001936234,0.003917381,0.040833132,0.042769366
168.0867626,53.00219727,4360,99.9530497,0.001892987,0.004043632,0.041013682,0.042906669
168.5877834,53.06381226,4260,99.95278614,0.001873667,0.004168541,0.041171648,0.043045315
169.0933144,53.1277771,4260,99.95251004,0.001873738,0.004295739,0.041320482,0.04319422
169.5934961,53.18286133,4442,99.95223394,0.001884414,0.004415128,0.041466522,0.043350936
170.0999835,53.24105835,4209,99.95193273,0.0019124,0.004547712,0.041607157,0.043519557
170.6101383,53.3074646,4264,99.95162525,0.001955845,0.004675799,0.041743105,0.04369895
171.1134841,53.37295532,4275,99.95131777,0.001983328,0.004802777,0.041896125,0.043879453
171.6176574,53.43966675,4388,99.95099774,0.001982512,0.004940829,0.042078917,0.044061429
172.1269052,53.52667236,4504,99.95067144,0.001980228,0.005078488,0.042269848,0.044250076
172.6342807,53.64068604,4574,99.95033886,0.001978361,0.005220309,0.042462474,0.044440835
173.1388602,53.78411865,4578,99.95001255,0.001987594,0.005359106,0.04264075,0.044628344
173.6477705,53.95458984,4313,99.94968624,0.002014139,0.00550287,0.042796745,0.044810884
174.1558437,54.11712646,4376,99.94936621,0.002042209,0.005645427,0.04294615,0.044988359
174.6588386,54.24725342,4033,99.94905246,0.002077188,0.005788733,0.043081619,0.045158807
175.1639014,54.36154175,4420,99.9487387,0.002116031,0.00593329,0.043211974,0.045328005
175.6714469,54.44174194,4639,99.94840612,0.002155607,0.00609418,0.043344089,0.045499696
176.1762653,54.49023438,4910,99.94806727,0.002191211,0.006259517,0.043482003,0.045673214
176.6840526,54.53314209,4432,99.94772214,0.002198558,0.006427502,0.043651801,0.045850359
177.1850111,54.59127808,4475,99.94740211,0.002168689,0.006579931,0.043849271,0.04601796
177.6959375,54.63320923,4814,99.94705698,0.002106607,0.006754607,0.044081808,0.046188415
178.2057256,54.64602661,4626,99.94671812,0.002025481,0.00692307,0.044333327,0.046358808
178.707759,54.63705444,4372,99.94638554,0.001938352,0.007090672,0.044585434,0.046523786
179.212641,54.62365723,4730,99.94604669,0.001883341,0.007264561,0.044805412,0.046688753
179.7214611,54.6065979,4577,99.94570156,0.001854748,0.007438872,0.045004824,0.046859572
180.2324304,54.60903931,4503,99.94534388,0.001850648,0.007620194,0.045185282,0.04703593
180.7376192,54.62911987,4492,99.94498619,0.001872855,0.007793585,0.045347365,0.04722022
181.2448927,54.6725769,4419,99.94461596,0.001900348,0.007976914,0.045506774,0.047407122
181.7468979,54.73916626,4438,99.94426456,0.001912526,0.008147756,0.04567516,0.047587686
182.2570111,54.81826782,4208,99.9439006,0.001892482,0.008335374,0.045871542,0.047764024
182.7672105,54.87750244,4491,99.9435492,0.001859054,0.008517465,0.046074284,0.047933338
183.267419,54.91879272,4137,99.94321034,0.001811199,0.008694964,0.046283495,0.048094694
183.7754808,54.96295166,4177,99.94288404,0.001779296,0.008870582,0.046466086,0.048245382
184.2835344,54.99386597,3828,99.94257028,0.001751036,0.009039933,0.046638749,0.048389785
184.785352,55.00317383,4167,99.94225653,0.001734439,0.009204286,0.046804748,0.048539187
185.2890766,55.01202393,4086,99.94191767,0.001755458,0.009381779,0.046945092,0.04870055
185.79178,55.03778076,4487,99.94157254,0.00179343,0.009563978,0.047070052,0.048863482
186.296163,55.0791626,4606,99.94122113,0.001845347,0.009753499,0.04718002,0.049025367
186.8021917,55.13458252,4437,99.94086345,0.001914588,0.009948538,0.04727342,0.049188008
187.3083331,55.2010498,4286,99.94051205,0.001991661,0.010140155,0.047356136,0.049347797
187.8145621,55.23907471,4370,99.94016692,0.002033245,0.010331479,0.047468359,0.049501604
188.3148424,55.25415039,4394,99.93984689,0.002041668,0.010510806,0.047600638,0.049642306
188.8171246,55.26498413,4643,99.93949548,0.002069446,0.010715532,0.04771954,0.049788986
189.3201954,55.28683472,4411,99.93913153,0.002103354,0.010927823,0.047837296,0.04994065
189.825265,55.30984497,4377,99.93876757,0.002120875,0.011132248,0.047979307,0.050100182
190.3297063,55.32763672,4150,99.93838479,0.002122331,0.011342067,0.048150812,0.050273143
190.8318912,55.37341309,3981,99.93800828,0.002100451,0.011530859,0.048360406,0.050460857
191.334251,55.42147827,4140,99.9376004,0.002097887,0.011734851,0.04856686,0.050664747
191.8363002,55.48251343,4243,99.9371988,0.002104185,0.011932813,0.048764207,0.050868392
192.3407782,55.55807495,4212,99.93677836,0.002109152,0.012153462,0.048959023,0.051068175
192.8450958,55.64624023,4524,99.93633283,0.002102619,0.012390483,0.049174067,0.051276686
193.3452239,55.74258423,4418,99.93587475,0.002099897,0.012625536,0.049399818,0.051499715
193.8457779,55.85586548,4495,99.93540412,0.002109692,0.012877252,0.04960894,0.051718632
194.3563728,55.97662354,4486,99.93492721,0.002125125,0.013141106,0.04980656,0.051931685
194.8594107,56.10562134,4640,99.93444403,0.002146425,0.01341686,0.049992689,0.052139114
195.3605615,56.22232056,4219,99.93398594,0.002147124,0.013678992,0.05018794,0.052335064
195.8695962,56.32461548,4210,99.93355924,0.002129311,0.013924721,0.050386731,0.052516042
196.3746671,56.40060425,4292,99.93311998,0.002094727,0.014189213,0.050596079,0.052690806
196.8766199,56.47073364,4684,99.93264307,0.002041033,0.014482379,0.050833516,0.052874549
197.3769046,56.54718018,4651,99.93214106,0.002008095,0.01479026,0.051060581,0.053068676
197.8774046,56.60501099,4601,99.93162023,0.001975926,0.015107893,0.051295949,0.053271875
198.3790353,56.65109253,4629,99.93109312,0.001941425,0.015431577,0.051533876,0.053475301
198.8853946,56.668396,4669,99.93054719,0.001947221,0.015769171,0.05173642,0.053683641
199.3918961,56.67025757,4431,99.93000126,0.001976167,0.016107606,0.051914972,0.053891139
199.8957436,56.69110107,4397,99.92947415,0.001996939,0.016436383,0.052092532,0.054089471
200.3991309,56.71948242,4070,99.92895959,0.001983146,0.016753464,0.052303801,0.054286947
200.8996551,56.74606323,4254,99.92844503,0.001935094,0.017074636,0.05254524,0.054480334
201.4037121,56.77288818,4230,99.92791165,0.001884307,0.017418631,0.052785415,0.054669722
201.9065783,56.81317139,4278,99.92739081,0.001878314,0.017756671,0.052974201,0.054852515
202.4118232,56.87213135,4339,99.92686998,0.001886272,0.018099954,0.053143795,0.055030067
202.9139334,56.94445801,4485,99.92634287,0.001876402,0.018455365,0.053325362,0.055201764
203.4168819,57.00546265,4520,99.92580949,0.001827517,0.018819739,0.053543256,0.055370773
203.9206911,57.07437134,4515,99.9252761,0.001750015,0.019186073,0.053787807,0.055537822
204.4211068,57.16796875,4691,99.924749,0.001681268,0.019557918,0.054011818,0.055693086
204.9212762,57.27322388,4235,99.92424071,0.001632777,0.019917634,0.054208877,0.055841654
205.4260591,57.40866089,4462,99.92373243,0.001615722,0.020275757,0.054376092,0.055991814
205.9269965,57.57357788,4385,99.92321787,0.00162344,0.020642583,0.054516105,0.056139545
206.4290037,57.74816895,4356,99.92272841,0.001635281,0.020989618,0.054646687,0.056281968
206.9296994,57.89038086,4471,99.92223268,0.001624675,0.021345177,0.054797467,0.056422142
207.4378917,58.00439453,4582,99.92171185,0.001600309,0.021716499,0.054971344,0.056571653
207.9383989,58.08969116,4441,99.92120984,0.001597418,0.022062952,0.05512979,0.056727208
208.4463564,58.17266846,4495,99.92069528,0.001591096,0.022423089,0.055290535,0.056881631
208.9481864,58.26364136,4525,99.92019327,0.001591264,0.022780864,0.055434599,0.057025863
209.4511264,58.36724854,4396,99.91969754,0.001593865,0.02313869,0.055569905,0.05716377
209.9612375,58.47698975,4490,99.91921436,0.001597757,0.023491811,0.055696075,0.057293832
210.4634454,58.60214233,4549,99.9187249,0.001607376,0.023854175,0.05581355,0.057420926
210.96984,58.73693848,4604,99.91821662,0.001634295,0.024217581,0.055931508,0.057565803
211.4739407,58.86929321,4443,99.91770833,0.001671642,0.024560686,0.056059339,0.057730981
211.9840284,58.9781189,4641,99.9171624,0.001729241,0.024927821,0.056180539,0.05790978
212.4869445,59.07415771,4484,99.91665412,0.001784186,0.025268489,0.056293209,0.058077395
212.9940916,59.16296387,4579,99.91613328,0.001840795,0.025629413,0.056396509,0.058237304
213.5013853,59.26107788,4618,99.91561872,0.001888937,0.025992254,0.056500085,0.058389022
214.0036968,59.35153198,3973,99.91513554,0.001932619,0.026334521,0.056597318,0.058529937
214.5074621,59.42684937,3680,99.91469629,0.001968017,0.026635895,0.056699803,0.05866782
215.008864,59.47772217,3766,99.91426958,0.001988025,0.02692018,0.056822217,0.058810242
215.5127711,59.5088501,3932,99.91381777,0.002030446,0.027223692,0.056928091,0.058958537
216.0176841,59.5296936,4201,99.91330949,0.002063538,0.027573559,0.057053415,0.059116953
216.5179139,59.55377197,4362,99.9128012,0.002097373,0.02792014,0.057181283,0.059278656
217.0258669,59.58209229,4370,99.9122741,0.002096432,0.028287831,0.057341641,0.059438073
217.5269934,59.61999512,4301,99.91175326,0.002085171,0.028650663,0.057510903,0.059596074
218.0372951,59.67269897,4510,99.91120733,0.002074869,0.029029241,0.057688561,0.05976343
218.5392324,59.73391724,4586,99.91062374,0.002075464,0.02944113,0.057859661,0.059935125
219.0457492,59.8097229,4747,99.91001506,0.00207013,0.029870591,0.058044219,0.060114349
219.5528219,59.9095459,4712,99.9094001,0.002066628,0.030302595,0.058230677,0.060297305
220.0631593,60.04418945,4642,99.90877259,0.002058627,0.030742034,0.058426749,0.060485376
220.5708558,60.19750977,4580,99.90813881,0.002012867,0.031186238,0.05866209,0.060674957
221.0799131,60.3538208,4528,99.90750502,0.001956378,0.031630753,0.058907848,0.060864226
221.5873807,60.49191284,4519,99.90687751,0.001902413,0.032073438,0.059146639,0.061049052
222.0974944,60.62255859,4439,99.90624372,0.001868189,0.032529957,0.05935813,0.061226319
222.6027269,60.73086548,3160,99.90572289,0.001873748,0.032888544,0.059514817,0.061388565
223.1084619,60.82141113,2954,99.90523343,0.001933067,0.033216093,0.059617406,0.061550473
223.6148384,60.89016724,3600,99.90471888,0.002018033,0.033563079,0.059700012,0.061718045
224.1189606,60.91091919,4565,99.90405371,0.002080895,0.034033037,0.059832353,0.061913248
224.6190712,60.92526245,4715,99.90334463,0.002097562,0.034527295,0.060030515,0.062128077
225.1291619,60.97140503,4836,99.90261044,0.002079663,0.035037311,0.060272584,0.062352247
225.6310853,61.03103638,4449,99.90186998,0.002063691,0.035546607,0.060519722,0.062583413
226.1393072,61.08853149,4497,99.90111697,0.00205304,0.036061332,0.060768661,0.062821701
226.6442242,61.15167236,4789,99.90037651,0.002019805,0.036573343,0.061030346,0.063050151
227.1488606,61.23019409,4662,99.89962349,0.002022963,0.037104616,0.061248926,0.063271889
227.650661,61.32574463,4448,99.89887048,0.002035958,0.037634106,0.061459455,0.063495413
228.1553527,61.42480469,4141,99.89813002,0.002037434,0.038158267,0.061674279,0.063711713
228.6596145,61.50326538,4351,99.89738328,0.002048679,0.038698202,0.061869837,0.063918516
229.1645357,61.55444336,4667,99.89663655,0.002048371,0.039247728,0.062067355,0.064115726
229.6646589,61.57043457,4642,99.89590863,0.002015855,0.039791008,0.062284502,0.064300357
230.166767,61.60357666,4462,99.89520582,0.001939134,0.040329471,0.062525572,0.064464706
230.6729937,61.66384888,4666,99.89449046,0.001858784,0.040889737,0.062761017,0.064619801
231.1811666,61.76141357,4419,99.89375628,0.001817553,0.041453014,0.062973157,0.06479071
231.6830857,61.88882446,4261,99.89302209,0.001793811,0.042007266,0.063176835,0.064970646
232.1875886,62.02175903,3005,99.89226908,0.001785153,0.04256418,0.06338159,0.065166743
232.6909997,62.1736145,2790,99.89166039,0.001816949,0.042984749,0.06353791,0.065354859
233.1946954,62.29006958,3290,99.89101406,0.001894601,0.04343363,0.063657713,0.065552314
233.696003,62.36444092,1402,99.89038655,0.001973851,0.043864851,0.063774752,0.065748603
234.1972565,62.46798706,2110,99.88995984,0.002092185,0.044105147,0.063842829,0.065935014
234.6978812,62.50894165,2475,99.88941391,0.002217463,0.044457751,0.06391088,0.066128343
235.199783,62.5295105,2857,99.88883032,0.002340103,0.044855675,0.063973901,0.066314004
235.7065611,62.54653931,3450,99.88814006,0.002383628,0.045366645,0.064109667,0.066493295
236.213677,62.55160522,4432,99.88733685,0.00237521,0.045978765,0.064309178,0.066684388
236.7139968,62.57977295,4658,99.88654618,0.002344379,0.046577904,0.064531533,0.066875912
237.2155478,62.6468811,4355,99.88573042,0.002319266,0.047198795,0.064751517,0.067070783
237.7186553,62.730896,4512,99.88491466,0.002291122,0.047820788,0.064973431,0.067264553
238.2262037,62.8218689,4410,99.88408635,0.00220221,0.04845928,0.065252165,0.067454375
238.7268118,62.93032837,4869,99.88327058,0.002093216,0.049088648,0.065547554,0.06764077
239.2356952,63.06201172,4690,99.88244227,0.00196605,0.049726334,0.065865347,0.067831397
239.7371495,63.21847534,4665,99.88161396,0.00188131,0.050369037,0.066135698,0.068017008
240.244199,63.4052124,4685,99.88077309,0.001836198,0.051019273,0.066371437,0.068207635
240.751809,63.61392212,4668,99.87991968,0.001804729,0.051679043,0.06659655,0.068401279
241.2559702,63.83163452,4541,99.87907882,0.00176905,0.052333242,0.066818893,0.068587943
241.7584587,64.02832031,4070,99.87823168,0.001701375,0.052996892,0.067070056,0.068771431
242.2624554,64.13082886,4349,99.87737199,0.001636412,0.053668095,0.067323505,0.068959917
242.7702349,64.1925354,4385,99.87649347,0.001610886,0.054342658,0.067552982,0.069163868
243.2737572,64.28198242,4590,99.87561496,0.001606853,0.05501749,0.067760697,0.06936755
243.7750833,64.37142944,4434,99.87474272,0.00159495,0.055694994,0.067967334,0.069562284
244.2833794,64.43374634,4350,99.87388303,0.001583873,0.056380308,0.068152787,0.06973666
244.7838901,64.46337891,4146,99.87303589,0.001571159,0.057065414,0.068327534,0.069898693
245.2906538,64.49554443,4493,99.87216993,0.001543247,0.057760583,0.068526241,0.070069488
245.7955801,64.54495239,4795,99.87129142,0.001523305,0.058454203,0.068731077,0.070254382
246.2990762,64.62753296,4425,99.87040035,0.001536854,0.059151382,0.068911412,0.070448266
246.7994563,64.71688843,3273,99.86950929,0.001563096,0.059851428,0.069076189,0.070639285
247.3036416,64.80569458,3148,99.86861822,0.001599401,0.060549935,0.069232441,0.070831842
247.8038196,64.87200928,2792,99.86773343,0.001692504,0.061223289,0.069350773,0.071043277
248.3050129,65.00289917,1584,99.86729418,0.001846298,0.061472921,0.069386604,0.071232902
248.8062891,65.04208374,2783,99.86659137,0.002009952,0.061979912,0.06941877,0.071428722
249.3101441,64.96929932,3161,99.86568148,0.002126174,0.062683958,0.069508392,0.071634566
249.8132108,64.96832275,2119,99.86502887,0.00220293,0.063155065,0.069613139,0.071816069
250.3197338,64.92089844,3821,99.86416918,0.002299871,0.06382224,0.069708712,0.072008583
250.8229358,64.90127563,1812,99.86346637,0.002388848,0.064338075,0.069806711,0.072195559
251.3243538,64.92114258,2939,99.86270708,0.002467619,0.064923693,0.06990161,0.072369229
251.8244652,64.89483643,4565,99.86177209,0.002516973,0.065663935,0.070047003,0.072563976
252.3288975,64.88696289,4923,99.86079945,0.002526119,0.06642425,0.070250184,0.072776303
252.8328668,64.97268677,3641,99.85985191,0.002451326,0.067177678,0.070519088,0.072970414
253.3339873,65.13787842,1684,99.85928715,0.002399889,0.067602331,0.070710632,0.073110521
253.8344331,65.30163574,1735,99.85879769,0.002411168,0.067948273,0.070842869,0.073254037
254.3348901,65.41271973,3535,99.85800703,0.002463096,0.068566377,0.070963499,0.073426595
254.8406893,65.48535156,4059,99.85705321,0.002528096,0.069330107,0.071088584,0.07361668
255.3407778,65.59887695,3514,99.8560994,0.00249969,0.070108253,0.07129266,0.07379235
255.8434272,65.75064087,1512,99.85514558,0.002463051,0.070866528,0.071524838,0.073987889
256.3445191,65.9175415,1776,99.85450552,0.002481349,0.07130839,0.071704739,0.074186088
256.8500447,66.06259155,2604,99.85375251,0.002531384,0.071857339,0.071858767,0.074390151
257.3536798,66.16366577,3725,99.85277359,0.002526837,0.072640912,0.072058657,0.074585494
257.8565447,66.23400879,4334,99.85175703,0.002482668,0.073448645,0.072311659,0.074794327
258.3629577,66.35140991,3116,99.85072164,0.002454331,0.074261277,0.072562755,0.075017086
258.8702076,66.49499512,3201,99.84968624,0.002414241,0.075087018,0.072812496,0.075226737
259.3712624,66.62265015,3628,99.84865713,0.002386382,0.075915099,0.07304139,0.075427772
259.8717894,66.73614502,4388,99.84762801,0.002397393,0.076737506,0.073237089,0.075634482
260.3767502,66.84481812,4041,99.84658635,0.002385581,0.077572606,0.073455467,0.075841048
260.8824406,66.9680481,4174,99.8455384,0.002366433,0.078414031,0.073681132,0.076047565
261.3898041,67.10510254,3562,99.84446536,0.002331337,0.079268892,0.07393441,0.076265747
261.8932467,67.25704956,1565,99.84371235,0.002371621,0.079837195,0.074078835,0.076450456
262.3948264,67.36831665,3177,99.84284639,0.002503489,0.080523829,0.074126296,0.076629785
262.9016608,67.41574097,3604,99.84176707,0.002526041,0.081401067,0.074305823,0.076831864
263.4061791,67.46435547,3767,99.8407003,0.002459703,0.082272966,0.07456703,0.077026733
263.9102075,67.52609253,2966,99.83963353,0.00237767,0.083156189,0.074832607,0.077210277
264.4141991,67.60943604,2889,99.83858559,0.002285512,0.084039139,0.075089757,0.077375269
264.9217589,67.69061279,3391,99.83753765,0.002197016,0.084927226,0.075338108,0.077535124
265.4245517,67.77337646,1434,99.83660894,0.002139408,0.085701629,0.075550027,0.077689435
265.928559,67.89038086,2374,99.83589357,0.002145076,0.086290833,0.075670517,0.077815593
266.4300129,67.91659546,4572,99.83483936,0.002164565,0.087189997,0.075806081,0.077970646
266.935541,67.92645264,4602,99.83376004,0.002135211,0.088098226,0.076006522,0.078141733
267.4404485,67.96182251,4521,99.83264307,0.00207371,0.089034509,0.076248708,0.078322418
267.9498259,68.06793213,4417,99.83153865,0.002013658,0.089961996,0.076485691,0.078499349
268.4514043,68.21676636,3163,99.83045934,0.001972639,0.090874556,0.076693468,0.078666107
268.9558704,68.3644104,2900,99.82936747,0.001971262,0.091796521,0.076864747,0.078836009
269.4588891,68.51473999,1750,99.82869603,0.002018386,0.092321259,0.076964321,0.078982707
269.9662237,68.59854126,3482,99.82772339,0.002094016,0.093133868,0.077048722,0.079142738
270.4672577,68.60769653,3339,99.82661898,0.00215319,0.094063825,0.077164009,0.079317199
270.9710102,68.63555908,3365,99.82550828,0.00218672,0.095008917,0.07729608,0.0794828
271.4728435,68.7326355,1636,99.82466114,0.00223761,0.095693911,0.077407334,0.079644944
271.9744066,68.83935547,2555,99.8237136,0.002302086,0.096477358,0.077506952,0.079809038
272.4745292,68.8939209,4728,99.82257781,0.002301586,0.097428744,0.077691859,0.079993445
272.9766061,68.95761108,3186,99.82141692,0.002252365,0.098400301,0.077930417,0.080182782
273.4818946,69.0534668,3228,99.82029367,0.002205079,0.099369591,0.078131655,0.080336734
273.983298,69.17196655,2012,99.81944026,0.002185054,0.100099971,0.078274714,0.080459768
274.4835979,69.26974487,2879,99.81843624,0.002198283,0.100985632,0.07837984,0.080578123
274.9879618,69.3288269,3236,99.81732555,0.002227054,0.101958045,0.078489348,0.080716402
275.492838,69.3963623,2740,99.81618976,0.002253379,0.102943072,0.07861379,0.080867169
275.9986883,69.47268677,2811,99.81502887,0.002302928,0.10394288,0.078725326,0.081028254
276.5024928,69.54522705,2772,99.81386797,0.002344129,0.104943812,0.078844087,0.081188216
277.0026234,69.6585083,2025,99.81307731,0.002383909,0.105602719,0.078936063,0.081319972
277.5050962,69.74353027,1422,99.81209839,0.002418199,0.106443051,0.079040356,0.081458555
278.007365,69.83575439,2636,99.81115713,0.002473892,0.107250816,0.079118163,0.081592055
278.5161529,69.88021851,4168,99.80997741,0.002512014,0.108274479,0.079236097,0.081748111
279.0185932,69.95639038,1331,99.80889809,0.002508651,0.109206637,0.07938662,0.081895271
279.5191182,70.09646606,2045,99.80808233,0.002525016,0.109909181,0.079483473,0.082008489
280.021989,70.21038818,3250,99.80694026,0.002536085,0.110913686,0.079609968,0.082146053
280.5253731,70.36572266,1949,99.80611195,0.002574771,0.111617306,0.079695975,0.082270746
281.0293094,70.53845215,1878,99.80519578,0.002618324,0.112405541,0.079780352,0.082398676
281.5316787,70.68948364,1302,99.80424197,0.002633339,0.113228362,0.079896331,0.08252967
282.0357271,70.82299805,1921,99.8034262,0.002650418,0.113919684,0.080003694,0.082654112
282.5361681,70.90350342,3799,99.80228414,0.002657548,0.114926735,0.08013158,0.082789128
283.0391794,71.00283813,1865,99.80132405,0.002600601,0.11576611,0.080309244,0.082909845
283.5411323,71.12286377,1150,99.80045181,0.002543573,0.116537518,0.080467102,0.083010675
284.0489513,71.22879028,4275,99.79938504,0.002530356,0.117492068,0.080592536,0.083122892
284.5511216,71.33325195,4499,99.79811747,0.002478393,0.118610675,0.080793462,0.083271855
285.0596909,71.51522827,4760,99.7968248,0.002362901,0.119740172,0.081072128,0.083435029
285.5606013,71.73876953,1567,99.79571411,0.002225366,0.120712804,0.081347724,0.08357309
286.0616715,71.92703247,1496,99.79496737,0.002251186,0.121367986,0.081413459,0.083664645
286.5639788,72.09188843,1749,99.79421436,0.002316976,0.122014027,0.081454639,0.083771615
287.0686248,72.19918823,2989,99.79312249,0.002386908,0.122978684,0.081511918,0.083898826
287.5711193,72.25476074,2050,99.79201807,0.002419979,0.123943697,0.081618252,0.084038231
288.0749878,72.31390381,2105,99.79088855,0.002479741,0.124937226,0.081694478,0.084174219
288.5800495,72.35235596,3162,99.78963353,0.002531665,0.12603209,0.081802711,0.084334376
289.0825299,72.41564941,1483,99.78855422,0.002547589,0.126944593,0.081953602,0.084501191
289.5846001,72.51828003,1835,99.78759413,0.002596742,0.12775674,0.082052392,0.084649134
290.090539,72.57528687,2663,99.78634538,0.002619981,0.128848379,0.082186258,0.084806239
290.5924491,72.59259033,3177,99.78504016,0.002568626,0.129987238,0.082403975,0.084972601
291.0936628,72.65447998,1600,99.78386672,0.002467735,0.131010771,0.082654777,0.085122512
291.5939369,72.78240967,1452,99.78288153,0.002514812,0.131841467,0.082762195,0.085277007
292.0950195,72.90075684,1781,99.78183986,0.002612521,0.132723765,0.082823855,0.085436376
292.5958874,73.01385498,1971,99.78082957,0.002710398,0.133581633,0.082878401,0.085588799
293.1018545,73.06103516,3134,99.77945532,0.002758448,0.134778179,0.083008051,0.085766499
293.604754,73.14395142,1659,99.77821285,0.002724626,0.135853177,0.083209345,0.085933971
294.1064333,73.28125,1468,99.77717118,0.002746511,0.136755534,0.08332677,0.086073281
294.6078444,73.43786621,1252,99.77630522,0.002837887,0.137484376,0.083372516,0.086210403
295.1093565,73.59082031,1633,99.77539533,0.003001601,0.138218529,0.083384539,0.08638614
295.6101323,73.72842407,1044,99.77451054,0.003202304,0.138891186,0.083395968,0.086598272
296.1115591,73.85787964,1372,99.77362575,0.003367524,0.139587162,0.083419561,0.086787085
296.613664,73.97924805,1632,99.77271586,0.00351113,0.140321188,0.083451819,0.086962949
297.1156918,74.0774231,1589,99.77154869,0.003685384,0.141300113,0.083465809,0.087151193
297.6177014,74.20404053,1434,99.77055723,0.003857476,0.142107683,0.083477612,0.087335088
298.1191201,74.30862427,1702,99.76928966,0.003997691,0.14318656,0.08352609,0.087523781
298.6219135,74.43014526,1587,99.76807856,0.004120331,0.14420562,0.083595484,0.087715815
299.1252075,74.54812622,1656,99.76681727,0.004197073,0.145285023,0.083700635,0.087897708
299.6252666,74.67007446,1409,99.765625,0.004228367,0.146303172,0.083843461,0.088071828
300.1270325,74.7706604,2973,99.76417545,0.004193616,0.147576581,0.084054351,0.088247967
300.628063,74.86230469,1381,99.7626255,0.004040171,0.148933124,0.084401203,0.088441374
301.1281456,75.02017212,1018,99.76149598,0.00393846,0.149912859,0.084652698,0.088591158
301.6298098,75.17663574,1189,99.76034137,0.003900156,0.150924526,0.084833953,0.088734109
302.13235,75.32800293,1531,99.75923067,0.003887732,0.151898444,0.084983152,0.088870884
302.6333979,75.47583008,1451,99.75811998,0.003869705,0.1528875,0.085122815,0.08899252
303.1348437,75.61108398,1652,99.75701556,0.003860072,0.153873456,0.08525091,0.089110982
303.6353306,75.73272705,1036,99.75584212,0.003839726,0.154924609,0.085393546,0.089233272
304.1378521,75.86645508,1516,99.75485065,0.003842131,0.155801693,0.085505523,0.089347654
304.6381214,75.99224854,1174,99.75379016,0.003843014,0.15675283,0.085613995,0.089457009
305.1396321,76.10324097,1457,99.75249121,0.003838767,0.157949652,0.085720366,0.089559133
305.6397248,76.20883179,1047,99.75120482,0.003830946,0.159132792,0.085831442,0.089662388
306.1407265,76.32202148,1635,99.75,0.003823418,0.160240742,0.085935839,0.089759257
306.6424542,76.43661499,1138,99.74893323,0.003818731,0.161218848,0.086029188,0.089847919
307.1451054,76.54663086,1778,99.74774096,0.003818849,0.162320433,0.086119754,0.089938603
307.6472064,76.66409302,1183,99.7466491,0.003822082,0.163317729,0.086211092,0.090033174
308.1489071,76.78466797,1264,99.7455384,0.003837332,0.164330732,0.086293532,0.090130864
308.6489283,76.8911438,1169,99.74446536,0.003850574,0.165300052,0.086384013,0.090234587
309.1503647,76.99185181,1322,99.74341114,0.003855819,0.166248744,0.086484292,0.090340111
309.6524882,77.07592773,1173,99.74223143,0.003879909,0.167317355,0.08657131,0.090451219
310.1533162,77.1713562,1408,99.74116466,0.003942494,0.168276589,0.086616259,0.090558753
310.6551163,77.25335693,1710,99.73989709,0.004021186,0.169432284,0.086649442,0.090670628
311.1554863,77.3213501,1736,99.73850402,0.004082672,0.17071294,0.086700372,0.090783044
311.6564646,77.40142822,1590,99.73721762,0.004144737,0.171890073,0.08674757,0.090892307
312.1580118,77.49130249,1206,99.7360128,0.004203722,0.172988715,0.086794762,0.090998484
312.6604833,77.58520508,1528,99.73500251,0.004262891,0.17389941,0.086835189,0.09109808
313.1632614,77.65066528,1513,99.73374749,0.00431153,0.175063159,0.086877821,0.091189351
313.6650856,77.72677612,1381,99.73255522,0.004355158,0.176169816,0.086919804,0.091274962
314.1657664,77.83621216,1448,99.73154493,0.004402839,0.177099544,0.086952687,0.091355526
314.6670222,77.94396973,1365,99.73041541,0.004450388,0.178147649,0.086986551,0.091436939
315.1672145,78.068573,1276,99.72932982,0.004518344,0.179140682,0.087011155,0.091529499
315.6686633,78.20559692,1362,99.7282254,0.004613663,0.180136955,0.087023981,0.091637644
316.1701844,78.35531616,1556,99.72702686,0.004714044,0.181224816,0.087034282,0.091748326
316.6707372,78.54116821,1336,99.72601029,0.004819423,0.182123619,0.087046667,0.09186609
317.172416,78.72814941,1410,99.72498745,0.004897979,0.183047614,0.087066957,0.091964936
317.6732907,78.89926147,1077,99.72390813,0.004966663,0.184027999,0.087097205,0.092063868
318.1751077,79.07467651,1302,99.72283509,0.005054488,0.184985347,0.087125075,0.092179563
318.6752171,79.2454834,1165,99.72146084,0.005202613,0.186184775,0.087151769,0.092354382
319.1760692,79.42346191,1441,99.72036898,0.005376062,0.187092439,0.087162523,0.092538585
319.6762121,79.58248901,1549,99.7190512,0.00555863,0.18821788,0.087172285,0.092730915
320.1772679,79.73239136,1223,99.71767696,0.005743091,0.189390164,0.087189787,0.092932878
320.6779631,79.88619995,1358,99.71642194,0.00590392,0.190457159,0.087216983,0.093120903
321.1799201,80.03988647,1584,99.71503514,0.006049972,0.191658072,0.087256815,0.093306787
321.6800146,80.19088745,1124,99.71359814,0.00617723,0.19291907,0.087305558,0.093482788
322.1807332,80.36651611,1711,99.71243097,0.006315446,0.193919073,0.087334506,0.093649952
322.6809531,80.54251099,849,99.71128263,0.006437194,0.194910978,0.087369197,0.093806391
323.1817412,80.70172119,1188,99.71006526,0.006577214,0.195961812,0.087395713,0.093972927
323.6842572,80.82485962,1504,99.70848394,0.006711368,0.197365713,0.087438983,0.094150351
324.1861653,80.94519043,1325,99.70691516,0.006805338,0.198770236,0.087509266,0.094314604
324.6862019,81.07943726,1359,99.70545934,0.006866974,0.200086149,0.087587539,0.094454513
325.1869606,81.21011353,1215,99.70385291,0.006912621,0.201551705,0.087682762,0.094595383
325.6873893,81.33963013,1404,99.70223394,0.006940699,0.203018332,0.087807033,0.094747732
326.1887002,81.48095703,1451,99.70092244,0.006961038,0.204178797,0.087937725,0.094898763
326.6905248,81.61117554,1216,99.69940387,0.006970268,0.205525007,0.088100859,0.095071127
327.1919559,81.74078369,1193,99.69794177,0.006995228,0.206828647,0.088234358,0.095229586
327.6941937,81.85830688,1461,99.69638554,0.007057656,0.208231823,0.08832498,0.095382636
328.1961036,81.97900391,1615,99.69496109,0.007142028,0.209518149,0.088378729,0.095520757
328.6961521,82.0836792,1000,99.69332329,0.007218383,0.211022041,0.088436283,0.095654666
329.1968762,82.17752075,1266,99.69156627,0.007263296,0.212658187,0.088512252,0.095775548
329.6994078,82.28369141,1671,99.68997866,0.007284322,0.21414142,0.088595593,0.095879915
330.2002199,82.38378906,1408,99.68832831,0.007283294,0.215694634,0.088693758,0.095977052
330.7018962,82.52111816,1281,99.68692269,0.007281168,0.217006106,0.088790036,0.096071204
331.2026963,82.65213013,1189,99.68540412,0.00733661,0.218420655,0.088838619,0.096175229
331.7050499,82.78863525,1450,99.68396084,0.007447571,0.219737542,0.088854043,0.096301614
332.2068652,82.92971802,1274,99.6825615,0.00756045,0.221009899,0.088868156,0.096428606
332.7077649,83.06616211,1298,99.68086094,0.00767056,0.222586614,0.088881883,0.096552443
333.2087244,83.20608521,1284,99.67930472,0.007773947,0.224026405,0.088894929,0.096668876
333.7094865,83.33584595,1442,99.67763554,0.007891984,0.225565374,0.088907099,0.096799083
334.2112232,83.47097778,1271,99.67606677,0.008025162,0.226990487,0.088917584,0.096942746
334.7124927,83.57669067,1841,99.67414031,0.008164505,0.228764296,0.088930888,0.097095393
335.2131848,83.69900513,1418,99.67248368,0.008287847,0.230274159,0.08895431,0.097242157
335.7154977,83.8067627,1377,99.67053213,0.008397734,0.232080757,0.08898938,0.097387114
336.2170892,83.92529297,1584,99.6685994,0.008484369,0.2338777,0.089038533,0.097522902
336.7180335,84.06326294,1192,99.66694277,0.008598351,0.2353818,0.089077079,0.09767543
337.2185752,84.20922852,1354,99.66511672,0.008733208,0.237042933,0.089107143,0.097840351
337.7201868,84.34552002,1237,99.66342244,0.008865969,0.23857132,0.089140271,0.09800624
338.2209245,84.46618652,1289,99.66159011,0.008999715,0.240236144,0.08917403,0.098173745
338.7214903,84.59561157,1399,99.65977661,0.009122828,0.241884473,0.089216093,0.098338921
339.2220412,84.73175049,1239,99.65803213,0.00921838,0.243475703,0.089273788,0.098492168
339.7231049,84.85864258,1513,99.6560492,0.009297951,0.245312783,0.089340069,0.09863802
340.2237744,84.98754883,1272,99.65411647,0.009369941,0.24709818,0.089415413,0.098785354
340.7248531,85.11224365,1235,99.65211471,0.009428667,0.248954536,0.089502088,0.098930755
341.2251145,85.23138428,1449,99.65004393,0.009483717,0.250879655,0.089592703,0.09907642
341.7259492,85.37286377,1835,99.64815512,0.009571167,0.252620262,0.08965345,0.099224617
342.2284644,85.50869751,1552,99.64605924,0.009667725,0.254567714,0.089705324,0.099373049
342.7313554,85.64648438,1795,99.64390688,0.009768092,0.256573882,0.089751149,0.099519241
343.232723,85.78930664,1412,99.64181099,0.009882084,0.258522112,0.089784811,0.099666895
343.7341818,85.93206787,1803,99.63969629,0.009977138,0.260508516,0.089818061,0.099795199
344.2364499,86.06973267,1659,99.63753765,0.010045293,0.262538077,0.08987898,0.099924273
344.7366277,86.2159729,1552,99.63530371,0.010118009,0.264640927,0.089937349,0.100055358
345.2370327,86.37109375,1658,99.6330635,0.010200606,0.266755828,0.089980062,0.100180668
345.7380922,86.5390625,1359,99.63089232,0.010311425,0.268775546,0.090020709,0.100332134
346.2398523,86.71954346,1383,99.62882781,0.010433443,0.270692501,0.090046245,0.100479688
346.7409921,86.8855896,1596,99.62648092,0.010569801,0.272880442,0.090068832,0.100638633
347.2429071,87.04891968,1409,99.62414659,0.010718297,0.275040037,0.090095079,0.100813376
347.7445285,87.20748901,1486,99.62166165,0.010864638,0.277353132,0.090120584,0.100985222
348.2451107,87.3588562,1592,99.61919553,0.010998204,0.279652742,0.090153522,0.101151726
348.7473844,87.50814819,1525,99.61675452,0.011152689,0.281909881,0.090182912,0.101335601
349.2488025,87.64624023,1205,99.61428213,0.011329488,0.284178355,0.090210028,0.101539516
349.749105,87.79934692,1626,99.61204192,0.011492267,0.286238298,0.090227518,0.101719785
350.249144,87.92559814,1576,99.6095005,0.011634143,0.288608258,0.090257098,0.101891241
350.7500644,88.050354,1524,99.60683986,0.011787482,0.291083916,0.090288743,0.102076225
351.2511187,88.18185425,1550,99.60416667,0.011953921,0.293552578,0.090326835,0.102280756
351.7521464,88.32510376,1336,99.60159388,0.01208598,0.295955555,0.090364589,0.102450569
352.2530701,88.47802734,1739,99.59916541,0.012209861,0.298218743,0.090405984,0.102615845
352.7550265,88.60742188,1462,99.59649849,0.01233599,0.300714307,0.090451209,0.102787199
353.2562062,88.74331665,1755,99.59378765,0.012459592,0.303245342,0.090507415,0.102967007
353.758168,88.88388062,1573,99.59103916,0.012577233,0.305799343,0.090584267,0.1031615
354.2584958,89.03521729,1624,99.58825301,0.012700185,0.308390556,0.090656247,0.103356432
354.7597437,89.18664551,1589,99.58548569,0.012823895,0.310977009,0.090713403,0.103537298
355.2605788,89.33551025,1565,99.58269327,0.012964924,0.313581171,0.090760632,0.103725556
355.7614914,89.49032593,1524,99.57983183,0.013110974,0.31624864,0.090808559,0.103919533
356.2621118,89.64318848,1470,99.57696411,0.013249292,0.318919838,0.090866763,0.104116055
356.762418,89.79968262,1495,99.57437249,0.013399409,0.321317896,0.090910205,0.104309614
357.2627062,89.93435669,1582,99.57146084,0.013515171,0.324046251,0.090977735,0.104492906
357.7636057,90.07336426,1507,99.56856175,0.013621555,0.326773607,0.091043091,0.104664646
358.2641507,90.22564697,1139,99.56568775,0.013721183,0.329502922,0.091088144,0.104809327
358.7644586,90.38827515,1684,99.56300201,0.013855079,0.332039082,0.091103832,0.104958911
359.2649445,90.5418396,1453,99.56010291,0.013961201,0.334799216,0.091136672,0.105097873
359.7660496,90.68728638,1731,99.55711596,0.014058563,0.337650605,0.091174868,0.105233431
360.2677743,90.82650757,1625,99.55414157,0.014137991,0.340506049,0.091214394,0.105352385
360.7681467,90.96258545,1693,99.55118599,0.014207255,0.343351612,0.091255139,0.105462394
361.2700517,91.09634399,1716,99.5481865,0.01426747,0.346240737,0.091305297,0.105572767
361.7704462,91.23477173,1591,99.54515562,0.014325677,0.349168509,0.091350191,0.105675868
362.2719074,91.37512207,1528,99.54212475,0.014384136,0.35209736,0.091393755,0.105777891
362.7724987,91.52011108,1627,99.53905622,0.014442277,0.355069774,0.091431724,0.105874001
363.2726748,91.67126465,1661,99.53599398,0.014490604,0.358034972,0.091480448,0.105971052
363.7745869,91.82568359,1741,99.53289408,0.014542551,0.361035254,0.091528118,0.106070669
364.2752337,91.98049927,1589,99.5297879,0.014598358,0.364035385,0.091578356,0.106176714
364.7769224,92.13763428,1712,99.5266127,0.014685091,0.367073554,0.091628655,0.106313746
365.2776647,92.29663086,1555,99.52339985,0.014805015,0.370131337,0.091663799,0.106468814
365.7786678,92.44763184,1571,99.52019327,0.014912978,0.373198372,0.091695376,0.106608354
366.2793396,92.59933472,1742,99.51691767,0.015028129,0.376326352,0.091727849,0.106755978
366.7807607,92.72924805,1693,99.51367972,0.01513007,0.379428983,0.091761228,0.106891298
367.2809787,92.86447144,1583,99.51044177,0.015229396,0.382545689,0.091783148,0.107012544
367.7827025,92.99829102,1752,99.50725402,0.015314079,0.385619575,0.09181233,0.107126409
368.2844105,93.12319946,1778,99.50398469,0.015373045,0.388776727,0.09186554,0.107238585
368.7863879,93.25106812,1890,99.50071536,0.015409983,0.391939287,0.091935368,0.107345351
369.288043,93.38729858,1799,99.49742093,0.015433162,0.395134947,0.092010958,0.10744412
369.7896937,93.5241394,1867,99.49412651,0.01543736,0.398338122,0.092098012,0.107535372
370.2897031,93.65783691,1894,99.4908007,0.015434519,0.401562289,0.092202489,0.107637008
370.7900542,93.78833008,1882,99.4873996,0.015464591,0.404823666,0.092312144,0.107776735
371.2917037,93.9128418,1955,99.48396084,0.015507068,0.408109156,0.092422933,0.107930001
371.7934371,94.03329468,1888,99.48047189,0.015567942,0.411444196,0.092515975,0.108083917
372.2957345,94.159729,2153,99.47693273,0.015622278,0.414832427,0.092612565,0.108234843
372.7976179,94.29983521,1969,99.47340612,0.015678501,0.418192745,0.09272263,0.108401131
373.298839,94.44708252,2044,99.46996737,0.015780085,0.421461643,0.092790902,0.108570987
373.8006108,94.59283447,1915,99.46635919,0.015876402,0.424906278,0.092858133,0.108734535
374.3025596,94.73651123,1821,99.46276355,0.015981009,0.428340356,0.092915081,0.10889609
374.8043784,94.88046265,1890,99.459124,0.016102815,0.431803575,0.092969614,0.109072429
375.3051213,95.03012085,1948,99.45542796,0.016206816,0.435311108,0.093054113,0.109260929
375.8053311,95.18127441,1955,99.45176958,0.016290741,0.438799609,0.093140071,0.109430812
376.3059994,95.32403564,2018,99.44805472,0.016381326,0.442343472,0.093220483,0.109601809
376.8083916,95.46377563,2171,99.44422063,0.016512685,0.445993051,0.093273632,0.109786317
377.3084219,95.60385132,1748,99.4405246,0.016653197,0.449492949,0.093329256,0.109982453
377.8089216,95.74795532,1699,99.43707329,0.01680628,0.452748557,0.09337187,0.11017815
378.3099834,95.88479614,2104,99.43343373,0.016968965,0.45619365,0.09340365,0.110372615
378.8112071,96.01403809,2040,99.42968122,0.017132441,0.459772959,0.093413375,0.110545816
379.3123977,96.14627075,1968,99.42588479,0.017329719,0.463368875,0.093416617,0.110746336
379.8135722,96.27938843,2272,99.42210718,0.0175194,0.466954984,0.093418437,0.110937837
380.3154719,96.40908813,2566,99.41809739,0.017716405,0.470764146,0.093422059,0.111138464
380.8172029,96.54281616,2340,99.41400602,0.017951705,0.47461447,0.093427801,0.111379506
381.3183521,96.67959595,2134,99.40996486,0.018157285,0.478441997,0.093435859,0.111593144
381.8184185,96.81140137,2397,99.405999,0.018332813,0.482224078,0.093444113,0.111776926
382.3193109,96.94155884,2186,99.40201431,0.018507958,0.486026721,0.093451014,0.111958972
382.8199415,97.06561279,2267,99.39810492,0.018715119,0.489728273,0.093451688,0.112166807
383.3207065,97.18786621,2583,99.39405748,0.01894562,0.493545212,0.093451688,0.112397308
383.8216456,97.30737305,2681,99.38989709,0.019162865,0.497488359,0.093451688,0.112614553
384.3224462,97.42355347,2647,99.38580572,0.019390333,0.501352257,0.093451688,0.112842021
384.8225411,97.53500366,2729,99.38170181,0.019610115,0.505236391,0.093451688,0.113061803
385.3234015,97.64157104,2881,99.37768574,0.019792302,0.509070267,0.093451688,0.11324399
385.824257,97.74835205,3211,99.37355045,0.019979716,0.513018145,0.093451688,0.113431404
386.3247991,97.85794067,3171,99.36930221,0.020174279,0.517071824,0.093451688,0.113625967
386.8259628,97.96569824,3278,99.36506652,0.020383674,0.521098122,0.093451688,0.113835362
387.3276342,98.06716919,3794,99.36086847,0.020614705,0.525065133,0.093451688,0.114066393
387.828229,98.16644287,3738,99.35641315,0.020850499,0.52928466,0.093451688,0.114302187
388.329738,98.26263428,3841,99.35199548,0.021062857,0.533489973,0.093451688,0.114514545
388.8305464,98.35800171,3877,99.34756526,0.02127553,0.537707521,0.093451688,0.114727218
389.3323386,98.45196533,4177,99.34306601,0.021472269,0.542009711,0.093452006,0.114924275
389.8326704,98.53866577,4147,99.33863579,0.021651843,0.546259855,0.093452509,0.115104352
390.3336184,98.62310791,4431,99.334124,0.021829659,0.550593837,0.093452509,0.115282168
390.8348745,98.70794678,4655,99.32950552,0.022014774,0.555027195,0.093452509,0.115467283
391.3349692,98.79064941,4748,99.3248996,0.022212441,0.559435451,0.093452509,0.11566495
391.8354939,98.87255859,5004,99.3202623,0.022394193,0.563890999,0.093452509,0.115846702
392.3355552,98.94747925,5149,99.31561245,0.022548639,0.568386403,0.093452509,0.116001148
392.8358875,99.01773071,5336,99.31100653,0.022687279,0.572853686,0.093452509,0.116139788
393.3370405,99.08648682,5691,99.3063002,0.022857853,0.577389438,0.093452509,0.116310362
393.8379736,99.15118408,5868,99.30159388,0.023050788,0.581902828,0.093452509,0.116503297
394.3386591,99.21453857,6098,99.29681225,0.023223672,0.586511571,0.093452509,0.116676181
394.8395399,99.27288818,6360,99.29191767,0.023403957,0.591225864,0.093452509,0.116856466
395.3397357,99.32601929,6504,99.28710467,0.023573162,0.59586966,0.093452509,0.117025671
395.8399384,99.37713623,6563,99.28227912,0.023740543,0.60052736,0.093452981,0.117193524
396.3403686,99.42614746,6689,99.27737826,0.023912096,0.60525666,0.093452981,0.117365077
396.8408219,99.47253418,6812,99.27240211,0.024084077,0.610060098,0.093453716,0.117537793
397.3412455,99.51721191,7029,99.26745105,0.024253623,0.614838095,0.093457227,0.11771085
397.8420167,99.55895996,7037,99.2624247,0.024431803,0.619685811,0.093457687,0.11788949
398.342731,99.59796143,7088,99.25735442,0.024606645,0.62458125,0.093457687,0.118064332
398.8435681,99.63409424,7298,99.25225276,0.024769994,0.629519558,0.093457687,0.118227681
399.3440745,99.67010498,7331,99.24711345,0.024933439,0.63449542,0.093457687,0.118391126
399.844532,99.70425415,7393,99.24199297,0.025085011,0.63946433,0.093457687,0.118542698
400.3447634,99.73605347,7448,99.23677209,0.025231476,0.644538749,0.093457687,0.118689163
400.8450246,99.76617432,7507,99.23155748,0.025381123,0.64960371,0.093457687,0.11883881
401.3456082,99.79284668,7567,99.22638052,0.025557133,0.654604658,0.093457687,0.11901482
401.8463458,99.81710815,7575,99.22107806,0.02576085,0.659703401,0.093457687,0.119218537
402.3478036,99.83840942,7576,99.2157505,0.025979391,0.66481242,0.093457687,0.119437078
402.8483885,99.85900879,7546,99.21032254,0.026184814,0.670034658,0.093457987,0.119642801
403.3485544,99.87747192,7457,99.20493223,0.026388348,0.675220909,0.093458514,0.119846862
403.8490282,99.89318848,7455,99.19961094,0.026569253,0.680359512,0.093460291,0.120029544
404.3492366,99.90805054,7477,99.19420808,0.026720704,0.685610499,0.093460714,0.120181418
404.8509894,99.92025757,7370,99.18869854,0.026857258,0.690983324,0.093460874,0.120318132
405.3520653,99.93182373,7400,99.18308233,0.026993938,0.696439873,0.09348386,0.120477798
405.853945,99.94064331,7398,99.17753514,0.027148208,0.701811111,0.093505541,0.120653749
406.3550577,99.95089722,7316,99.17175577,0.027279289,0.707401971,0.093562966,0.120842255
406.855808,99.95858765,7271,99.16605171,0.027392682,0.712940354,0.093615257,0.121007939
407.3558119,99.96426392,7212,99.16045432,0.027512461,0.718403386,0.093629836,0.121142297
407.8566558,99.96884155,7164,99.154813,0.027641143,0.723903261,0.093642594,0.121283737
408.3575304,99.97317505,7143,99.14910894,0.02775521,0.729467228,0.093668626,0.121423836
408.8577993,99.97839355,7142,99.14326054,0.027901088,0.735142554,0.093695816,0.121596904
409.3590594,99.98123169,6971,99.13736195,0.028047824,0.740866279,0.09372395,0.121771774
409.8591136,99.98324585,6916,99.1314759,0.028179028,0.746601135,0.093743933,0.121922961
410.3599479,99.98492432,6946,99.12560241,0.028312113,0.7523136,0.093771877,0.12208399
410.860616,99.98788452,7012,99.11957831,0.028460169,0.758176716,0.093784801,0.12224497
411.3615386,99.98861694,6863,99.11365462,0.02859771,0.76394668,0.093800991,0.122398701
411.8616413,99.98971558,6730,99.10772465,0.028715478,0.769740596,0.093819277,0.122534755
412.3624944,99.98989868,6711,99.10179468,0.028860369,0.775521795,0.093823156,0.122683525
412.8636576,99.98995972,6702,99.09576431,0.028996669,0.781414109,0.093824915,0.122821584
413.3651747,99.99249268,6693,99.08947038,0.029151843,0.787544827,0.093832949,0.122984792
413.8660012,99.99136353,6587,99.08330196,0.029314058,0.79353922,0.093844764,0.123158822
414.3672507,99.990448,6555,99.07707078,0.029487239,0.79959513,0.093846847,0.123334086
414.8675724,99.98962402,6384,99.07083333,0.029615637,0.805694837,0.093856193,0.12347183
415.3681479,99.98834229,6355,99.06456451,0.029752408,0.811819801,0.093863283,0.123615691
415.8683845,99.98822021,6348,99.05824548,0.029900801,0.817984502,0.093869215,0.123770016
416.3686797,99.98681641,6322,99.05198921,0.030047424,0.824090331,0.093873039,0.123920463
416.8703415,99.98532104,6278,99.04567018,0.030186821,0.830260106,0.093882892,0.124069713
417.3715661,99.98635864,6282,99.03913153,0.030322918,0.836631055,0.093914501,0.124237419
417.8722949,99.98443604,6135,99.03283133,0.030470496,0.8427766,0.093921579,0.124392075
418.3728114,99.98474121,6168,99.02627385,0.030629727,0.849165197,0.09393123,0.124560957
418.8728892,99.98297119,6023,99.01989834,0.030785217,0.855382311,0.093934129,0.124719346
419.3739223,99.98501587,6203,99.01329066,0.030930209,0.861842205,0.093936923,0.124867132
419.8752135,99.98403931,6075,99.00673946,0.031054381,0.868255664,0.093950497,0.125004878
420.3766391,99.98312378,6038,99.0001757,0.031203402,0.874670251,0.093950644,0.125154046
420.8785824,99.98339844,5996,98.99351155,0.031347503,0.881188426,0.093952525,0.125300028
421.3807182,99.98312378,5924,98.98678464,0.031491521,0.887765255,0.093958586,0.125450107
421.8830681,99.98532104,5833,98.97990713,0.031645773,0.894471735,0.093975364,0.125621137
422.3831926,99.98651123,5889,98.97302962,0.031781251,0.901177838,0.094011293,0.125792544
422.883676,99.98336792,5691,98.96640311,0.031928483,0.907648869,0.094019535,0.125948018
423.3861738,99.98202515,5796,98.9596762,0.032070448,0.914232237,0.09402111,0.126091558
423.8864978,99.98236084,5723,98.95273594,0.032222337,0.921013893,0.094027826,0.126250163
424.3876406,99.98251343,5761,98.94579568,0.032361744,0.927792153,0.09405042,0.126412164
424.8878912,99.98129272,5539,98.93891817,0.032503105,0.934512253,0.09406647,0.126569575
425.3889025,99.9805603,5568,98.93200301,0.032674748,0.941252369,0.094069871,0.126744619
425.8893829,99.98065186,5448,98.9250251,0.032821962,0.948064947,0.094087991,0.126909953
426.3897317,99.9786377,5434,98.91818524,0.032975009,0.954738209,0.09410154,0.127076549
426.8899119,99.97695923,5319,98.91124498,0.033152183,0.961496468,0.094106369,0.127258552
427.3905163,99.97723389,5280,98.90411647,0.033290076,0.968454457,0.094139001,0.127429077
427.8922362,99.97732544,5148,98.8970005,0.033407329,0.975411466,0.094180702,0.127588031
428.3933273,99.97662354,5073,98.88990964,0.033533803,0.982339726,0.094216833,0.127750636
428.8963151,99.97470093,4997,98.88284388,0.033649913,0.98926459,0.094241621,0.127891534
429.396736,99.97366333,4966,98.87577184,0.033757169,0.996214218,0.094256776,0.128013945
429.8978775,99.97396851,4860,98.86855547,0.03382444,1.003315128,0.09430496,0.1281294
430.3983175,99.97311401,4828,98.86140813,0.033879868,1.010358279,0.094353721,0.128233589
430.8994462,99.97067261,4802,98.85436747,0.033956676,1.017291719,0.094384134,0.12834081
431.4004887,99.96914673,4833,98.84728288,0.03403938,1.02427962,0.094398119,0.128437499
431.9014465,99.96875,4851,98.84004769,0.034116599,1.031414029,0.094421681,0.12853828
432.403415,99.96646118,4795,98.83285643,0.034198363,1.038505183,0.094440028,0.128638391
432.9035987,99.96484375,4708,98.82561496,0.03429104,1.04563337,0.094460631,0.128751671
433.4045018,99.96405029,4627,98.81831702,0.034394787,1.052820921,0.094467273,0.12886206
433.9060581,99.962677,4628,98.81093122,0.034491647,1.060105271,0.094471857,0.128963504
434.4067221,99.96151733,4626,98.80357053,0.034592839,1.067363748,0.094472881,0.12906572
434.9070773,99.95907593,4583,98.79635417,0.034686929,1.074483426,0.094475479,0.129162408
435.4091128,99.95809937,4517,98.78887425,0.034779425,1.081851135,0.094495193,0.129274618
435.909457,99.95739746,4532,98.7813755,0.034841564,1.089239606,0.094543328,0.129384892
436.4105375,99.95562744,4500,98.77393951,0.034916764,1.096564202,0.094579527,0.129496291
436.9128018,99.95397949,4522,98.76642194,0.035016176,1.103958871,0.094603015,0.129619191
437.4131381,99.95419312,4445,98.75886044,0.035109944,1.111404416,0.094625199,0.129735143
437.9150581,99.95370483,4415,98.75124247,0.035194084,1.118911179,0.094652266,0.12984635
438.4171482,99.95275879,4420,98.7435743,0.03527218,1.126447489,0.094706034,0.129978214
438.917485,99.9510498,4415,98.73601908,0.035366169,1.133879773,0.094734982,0.130101151
439.4190034,99.9508667,4359,98.7283007,0.035416654,1.141482133,0.094800509,0.130217163
439.9191353,99.94952393,4326,98.72063881,0.035462835,1.149036901,0.094861459,0.130324294
440.4199812,99.94866943,4345,98.71292043,0.035522271,1.156650963,0.094906334,0.130428605
440.9205227,99.94625854,4296,98.70539659,0.035594735,1.164080443,0.094928236,0.130522971
441.4205903,99.94647217,4309,98.69767194,0.03564523,1.171703581,0.094979252,0.130624482
441.9207213,99.94607544,4298,98.68992846,0.035632968,1.179346886,0.095091683,0.130724651
442.4216182,99.94546509,4293,98.68214106,0.035623331,1.187035125,0.09520048,0.130823811
442.9218001,99.94552612,4275,98.67428464,0.035567873,1.194788048,0.095359441,0.130927314
443.4218646,99.94515991,4259,98.66644076,0.035497416,1.202528357,0.095533464,0.13103088
443.92349,99.9440918,4193,98.65855924,0.035485454,1.210316198,0.095639112,0.131124566
444.4240149,99.94259644,4088,98.65076556,0.035530718,1.21802059,0.095683129,0.131213847
444.9240264,99.94259644,4004,98.64287149,0.035528552,1.225820016,0.095779946,0.131308498
445.4240373,99.94088745,3937,98.63500251,0.035565835,1.233592855,0.0958388,0.131404635
445.9242161,99.93914795,3871,98.62705196,0.035615221,1.241443006,0.095889815,0.131505036
446.4245508,99.93692017,3832,98.61912023,0.035686373,1.24927742,0.095915976,0.131602349
446.9250788,99.93560791,3784,98.61114458,0.035751043,1.257160827,0.095943552,0.131694595
447.4259855,99.93530273,3772,98.60311245,0.035793908,1.265104252,0.09598939,0.131783298
447.9260532,99.93533325,3720,98.59505522,0.035780086,1.273079877,0.096084815,0.131864901
448.4261544,99.93371582,3666,98.58708584,0.035750813,1.280988287,0.096175057,0.13192587
448.9267809,99.93307495,3632,98.57900979,0.035710506,1.288999204,0.096280502,0.131991008
449.4282883,99.93222046,3589,98.57089608,0.035654226,1.297055133,0.096394556,0.132048782
449.9286071,99.93112183,3530,98.56279493,0.035607552,1.305097585,0.096499934,0.132107486
450.4300031,99.9307251,3466,98.55465612,0.035494254,1.313180107,0.096669515,0.132163769
450.9318445,99.92953491,3385,98.54649849,0.035442539,1.321280961,0.096778006,0.132220545
451.4323762,99.92877197,3302,98.53831576,0.035430749,1.329407382,0.096846106,0.132276855
451.9326614,99.92852783,3229,98.53012048,0.035438997,1.337535346,0.096905174,0.132344171
452.4336762,99.92779541,3165,98.52189383,0.035427513,1.345688203,0.096990458,0.132417971
452.93519,99.92788696,3080,98.51359814,0.035353799,1.353916036,0.097132022,0.132485821
453.4358957,99.92675781,3040,98.50540914,0.035297617,1.362045889,0.097247357,0.132544974
453.9376953,99.92590332,2985,98.49714483,0.035192657,1.370237891,0.097424623,0.13261728
454.4390407,99.92431641,2938,98.48879267,0.035088235,1.378518407,0.097600687,0.132688922
454.9391269,99.92352295,2884,98.48048444,0.03505977,1.386750463,0.097705329,0.132765099
455.4397839,99.92346191,2834,98.47208835,0.035018425,1.395076822,0.0978164,0.132834825
455.9407079,99.92333984,2779,98.46365462,0.034920863,1.40343828,0.097986238,0.132907101
456.4413196,99.92282104,2735,98.45519578,0.034757199,1.411808985,0.098238033,0.132995232
456.9421396,99.92260742,2687,98.44671812,0.034630864,1.420194413,0.098456601,0.133087465
457.4445585,99.92276001,2653,98.43820281,0.034538097,1.428620549,0.098638542,0.133176639
457.9463287,99.92285156,2619,98.42970633,0.034327508,1.437033547,0.09893262,0.133260128
458.447968,99.9230957,2562,98.42117219,0.034147227,1.445468422,0.099212162,0.133359389
458.9481818,99.92260742,2506,98.4127008,0.0340544,1.453845484,0.099399312,0.133453712
459.4487633,99.92175293,2495,98.40419177,0.033986489,1.46227262,0.099549124,0.133535613
459.9497954,99.92202759,2467,98.39561998,0.033854681,1.470749287,0.099776051,0.133630732
460.4502665,99.92120361,2428,98.38704819,0.033850582,1.479212351,0.099888874,0.133739456
460.9513722,99.91992188,2394,98.37843876,0.033904867,1.487708993,0.099947385,0.133852252
461.4528421,99.92022705,2400,98.36971637,0.033870921,1.496313581,0.100099133,0.133970054
461.9531736,99.91998291,2383,98.36109438,0.033740075,1.50483013,0.100335418,0.134075493
462.4561363,99.9196167,2381,98.35237826,0.033578712,1.513442944,0.100600081,0.134178793
462.9571258,99.91967773,2361,98.34368725,0.033335754,1.522029696,0.100947301,0.134283055
463.459017,99.91833496,2357,98.33487701,0.033221947,1.530741965,0.10115908,0.134381027
463.9591458,99.9168396,2327,98.32612952,0.033114691,1.53938712,0.10136867,0.134483361
464.4600808,99.91622925,2352,98.31735065,0.032822789,1.548039331,0.101787227,0.134610016
464.9602045,99.91543579,2336,98.30855296,0.032574981,1.556737659,0.102134398,0.134709379
465.4619423,99.91384888,2316,98.29983685,0.03251435,1.565364354,0.102284449,0.134798799
465.9627619,99.91290283,2292,98.29108936,0.032490294,1.574029915,0.102390433,0.134880727
466.4632188,99.91195679,2297,98.28219127,0.032500357,1.582842282,0.102466096,0.134966453
466.9638198,99.91131592,2271,98.27336847,0.032493156,1.591571529,0.102566841,0.135059997
467.4664282,99.91085815,2271,98.26440763,0.032511338,1.600431989,0.102649042,0.13516038
467.9666088,99.91061401,2295,98.25549699,0.032455904,1.609238621,0.102808487,0.135264391
468.4671187,99.91049194,2297,98.24654869,0.032319984,1.618064427,0.103066894,0.135386878
468.9679394,99.90945435,2275,98.23760668,0.032235038,1.626905688,0.103252598,0.135487636
469.4680411,99.90887451,2306,98.22860191,0.032142029,1.635770808,0.103485254,0.135627283
469.9685844,99.9078064,2323,98.21952811,0.032029117,1.644700384,0.103742387,0.135771504
470.4711649,99.90765381,2348,98.21040412,0.0317405,1.653672527,0.104182857,0.135923357
470.9714014,99.90817261,2345,98.2013617,0.031108675,1.662554919,0.104974708,0.136083383
471.471886,99.90792847,2358,98.19219378,0.030687551,1.671586155,0.105532518,0.136220069
471.9751549,99.90792847,2395,98.18301958,0.030110178,1.680602228,0.106268016,0.136378194
472.4755187,99.90768433,2423,98.17384538,0.029726857,1.689610465,0.106817296,0.136544153
472.9759374,99.90737915,2431,98.16467118,0.029362237,1.698641539,0.10732504,0.136687277
473.4761891,99.90628052,2401,98.15550326,0.02930668,1.707692979,0.107497078,0.136803758
473.9764382,99.90585327,2392,98.14624749,0.029339287,1.716805129,0.107608094,0.136947381
474.4777184,99.90512085,2374,98.13701682,0.029440479,1.725904264,0.10763844,0.137078919
474.9794479,99.90515137,2378,98.12783635,0.029543641,1.734956326,0.107663687,0.137207328
475.4819818,99.90582275,2380,98.118499,0.02964105,1.744165615,0.107694339,0.137335389
475.982101,99.90588379,2372,98.10920557,0.029700589,1.753329333,0.107764505,0.137465094
476.4844033,99.90612793,2376,98.09985567,0.0297437,1.762555698,0.10784493,0.13758863
476.9866322,99.90689087,2381,98.09046185,0.029693132,1.771817268,0.108027753,0.137720885
477.487704,99.90643311,2381,98.08108685,0.0296602,1.781065834,0.108187119,0.137847319
477.9878115,99.90536499,2382,98.0716742,0.029669955,1.790351059,0.108304789,0.137974744
478.4883496,99.90493774,2395,98.06223017,0.029651608,1.799642191,0.108476031,0.138127639
478.9913646,99.90551758,2383,98.05273594,0.029609386,1.808980128,0.108674542,0.138283928
479.4923762,99.90548706,2367,98.04331702,0.029609741,1.818267902,0.108805339,0.13841508
479.9940184,99.90597534,2342,98.03379142,0.029656967,1.827637053,0.108914565,0.138571532
480.4959812,99.90628052,2319,98.02423444,0.029733662,1.8370199,0.109012,0.138745662
480.997274,99.90682983,2295,98.01464608,0.029761618,1.84643282,0.109159477,0.138921095
481.4977874,99.90740967,2291,98.00512048,0.029805759,1.855803769,0.10926999,0.139075749
481.9979794,99.9085083,2269,97.9955384,0.029757176,1.865230245,0.109474176,0.139231352
482.4999787,99.90905762,2275,97.9859124,0.029754063,1.874702693,0.109630845,0.139384908
483.0017133,99.91040039,2288,97.97622992,0.029586559,1.8842318,0.109951721,0.13953828
483.5028789,99.91195679,2323,97.96662902,0.029430368,1.893678964,0.110261652,0.13969202
484.0052229,99.91174316,2359,97.95700301,0.029382147,1.903172547,0.110442294,0.139824441
484.5060127,99.91186523,2369,97.94735818,0.02929587,1.912678791,0.110667156,0.139963026
485.0060925,99.91241455,2404,97.93766315,0.029129034,1.922213322,0.110994491,0.140123525
485.5061273,99.9119873,2386,97.9279995,0.029063511,1.931727432,0.11120956,0.140273071
486.0070522,99.9118042,2368,97.91822289,0.029082909,1.94134519,0.111349009,0.140431918
486.5073847,99.9112854,2361,97.90844629,0.029167175,1.950957535,0.111429005,0.14059618
487.0091746,99.91171265,2381,97.8986383,0.029210994,1.96061333,0.111537373,0.140748367
487.5099018,99.91213989,2398,97.8888366,0.029232911,1.970278722,0.111651771,0.140884682
488.0128558,99.91238403,2433,97.87898469,0.029260854,1.979977172,0.111777285,0.141038139
488.51373,99.91314697,2447,97.86912023,0.029165717,1.989684023,0.112030029,0.141195746
489.0152387,99.91360474,2483,97.85926832,0.02911008,1.999398595,0.112223001,0.141333081
489.5161618,99.91314697,2485,97.84939132,0.02904353,2.009117329,0.112447826,0.141491356
490.0189286,99.91415405,2505,97.83948293,0.028983,2.01885763,0.112676438,0.141659438
490.5190095,99.91574097,2514,97.8296373,0.028755476,2.028535345,0.11307188,0.141827356
491.019936,99.91662598,2542,97.81972892,0.028596043,2.038280925,0.113394116,0.141990159
491.5216875,99.91708374,2542,97.80981426,0.02835895,2.048057507,0.113769286,0.142128236
492.0229566,99.91619873,2555,97.79978665,0.028218937,2.057923779,0.114070638,0.142289575
492.5239826,99.9156189,2556,97.78975904,0.028058725,2.067797147,0.114385092,0.142443817
493.0241128,99.91534424,2567,97.77977535,0.027953823,2.077613025,0.114657801,0.142611624
493.5257092,99.91534424,2582,97.76969127,0.027880069,2.087516221,0.114912445,0.142792514
494.0257191,99.91494751,2573,97.75960718,0.027821436,2.097425266,0.115146119,0.142967555
494.5275151,99.91497803,2577,97.74951682,0.027783534,2.10736459,0.115335058,0.143118592
495.0287417,99.91592407,2567,97.73943901,0.027629975,2.117263049,0.11566797,0.143297945
495.5300857,99.91525269,2553,97.72915412,0.027626721,2.127368614,0.115850548,0.143477269
496.030581,99.91604614,2572,97.7190261,0.027625088,2.137309161,0.116039647,0.143664735
496.5308092,99.91552734,2587,97.70880397,0.027724984,2.147347731,0.116123319,0.143848303
497.0316102,99.9151001,2600,97.69862575,0.027857095,2.157346292,0.11617086,0.144027955
497.5325154,99.91564941,2606,97.68841616,0.027967099,2.16736115,0.116255586,0.144222685
498.0330019,99.91525269,2563,97.6782003,0.028040648,2.177392045,0.116367006,0.144407654
498.5335224,99.91589355,2521,97.66797189,0.028070939,2.187446331,0.116510843,0.144581782
499.0359111,99.91607666,2524,97.65770582,0.028153854,2.197535292,0.116605031,0.144758885
499.536642,99.91674805,2511,97.64737701,0.028214291,2.207694566,0.116714134,0.144928425
500.0386693,99.91647339,2519,97.63701054,0.028296269,2.217897196,0.116795993,0.145092262
500.5396821,99.91674805,2521,97.62669428,0.028349286,2.2280289,0.116927537,0.145276823
501.0404276,99.91809082,2534,97.61639684,0.028320928,2.238129872,0.117152362,0.14547329
501.5411074,99.91796875,2531,97.60606175,0.028220447,2.248312234,0.117405572,0.145626019
502.0422224,99.91751099,2505,97.59559488,0.028136107,2.258602486,0.117666528,0.145802635
502.5428031,99.91821289,2518,97.58519704,0.027974673,2.268812451,0.118015838,0.145990511
503.0456384,99.91885376,2521,97.57478665,0.027766281,2.279034911,0.118412162,0.146178443
503.5469176,99.91992188,2524,97.56435115,0.027499249,2.289284512,0.118865084,0.146364333
504.048188,99.91928101,2518,97.55380271,0.027523926,2.299659306,0.119014057,0.146537983
504.5490274,99.91912842,2483,97.54323544,0.027573312,2.310024614,0.119166632,0.146739944
505.051085,99.91940308,2474,97.53271837,0.027594092,2.320328862,0.119358672,0.146952764
505.5521838,99.91912842,2439,97.5221511,0.027561209,2.330701591,0.119586096,0.147147305
506.0524029,99.91903687,2409,97.51157129,0.027601703,2.34109676,0.119730252,0.147331955
506.5527569,99.91912842,2389,97.50096637,0.027667806,2.351512979,0.119852849,0.147520655
507.0536392,99.91900635,2340,97.49030497,0.027717011,2.361996285,0.119981734,0.147698745
507.5551303,99.91888428,2335,97.47970633,0.027771456,2.372436137,0.120086082,0.147857538
508.0564681,99.91882324,2331,97.46906376,0.027819539,2.38290397,0.120212736,0.148032275
508.5567081,99.91879272,2338,97.45845884,0.027765882,2.393354181,0.120421101,0.148186983
509.058371,99.91851807,2349,97.44780371,0.027756368,2.403841287,0.12059863,0.148354998
509.5598465,99.91873169,2321,97.43711094,0.02770713,2.414362332,0.120819594,0.148526724
510.0601249,99.9185791,2306,97.4263617,0.027690075,2.424939437,0.121008791,0.148698866
510.5619748,99.91891479,2296,97.41564383,0.027639605,2.435489449,0.12122712,0.148866725
511.0639967,99.91864014,2296,97.40483183,0.027594589,2.44613968,0.121433905,0.149028494
511.5639976,99.91903687,2304,97.39413906,0.027546814,2.456690133,0.121623996,0.14917081
512.0649852,99.91921997,2287,97.38338981,0.027499175,2.467314418,0.121796598,0.149295773
512.5658466,99.91915894,2281,97.37256526,0.027537138,2.47798506,0.12191254,0.149449678
513.0675882,99.92022705,2285,97.36177209,0.027538388,2.488621993,0.12206753,0.149605918
513.570065,99.92108154,2268,97.35092244,0.0275447,2.499321223,0.122211637,0.149756337
514.0705044,99.921875,2260,97.34009789,0.027594172,2.510008951,0.122298986,0.149893158
514.5726586,99.92190552,2256,97.32913529,0.02767114,2.520821329,0.12237224,0.15004338
515.0745642,99.92254639,2238,97.31822917,0.0276659,2.5315709,0.122534033,0.150199933
515.5750581,99.92324829,2260,97.30740462,0.027526243,2.542229379,0.12283976,0.150366003
516.0750813,99.92294312,2238,97.29651104,0.027415129,2.552996091,0.123077736,0.150492865
516.5761565,99.92269897,2250,97.28552962,0.027410484,2.56385829,0.123201608,0.150612092
517.0776853,99.92358398,2230,97.27457329,0.027403357,2.574656812,0.123366537,0.150769894
517.580258,99.92443848,2250,97.26360442,0.027310138,2.585481091,0.123604354,0.150914492
518.0815096,99.92416382,2260,97.25259789,0.02719559,2.596349139,0.12385738,0.15105297
518.5844639,99.92456055,2291,97.24158509,0.026984887,2.60720843,0.124221593,0.15120648
519.0848024,99.92477417,2305,97.23059739,0.026759957,2.618054837,0.124587817,0.151347774
519.5849483,99.92376709,2340,97.21954066,0.026635779,2.628962101,0.124861458,0.151497237
520.0856564,99.92269897,2366,97.20845884,0.026543479,2.639889355,0.125108331,0.15165181
520.5869425,99.92208862,2400,97.19737701,0.026472899,2.650840652,0.125309441,0.15178234
521.0869662,99.921875,2431,97.18633911,0.026444407,2.661725521,0.125490965,0.151935372
521.588309,99.92147827,2450,97.17514433,0.026427389,2.672758625,0.125669659,0.152097048
522.0887459,99.92102051,2447,97.16398092,0.026433848,2.683768105,0.125817123,0.152250971
522.5892946,99.92147827,2438,97.15296185,0.026322079,2.694627699,0.126088374,0.152410453
523.0905595,99.92224121,2456,97.14186747,0.026091399,2.705557413,0.126483718,0.152575117
523.5924686,99.92138672,2472,97.13063504,0.025971685,2.716648209,0.126745066,0.152716751
524.0925559,99.92221069,2489,97.11951556,0.02575941,2.727618298,0.12710673,0.15286614
524.593763,99.92175293,2491,97.10829568,0.02564569,2.738698834,0.127359793,0.153005483
525.0942233,99.92092896,2492,97.0971009,0.025585001,2.749773059,0.127541036,0.153126037
525.5947575,99.92095947,2502,97.08592495,0.025495469,2.760809369,0.127770212,0.153265681
526.0954594,99.91964722,2506,97.07458584,0.02550168,2.772055737,0.127856739,0.153358419
526.5963244,99.91983032,2495,97.06330949,0.025412367,2.783194252,0.128083893,0.15349626
527.0964061,99.91995239,2495,97.05202058,0.02529758,2.794368781,0.128313057,0.153610637
527.597578,99.92004395,2497,97.04063755,0.025294378,2.80563216,0.128435912,0.15373029
528.0976217,99.92001343,2508,97.02921687,0.025307425,2.816953134,0.128522574,0.153829999
528.5984064,99.92102051,2516,97.01790286,0.025309009,2.828144919,0.128643211,0.15395222
529.1007746,99.921875,2534,97.00646335,0.025302139,2.839448097,0.12878641,0.154088549
529.6026987,99.92276001,2524,96.99509287,0.025318348,2.850699836,0.128888944,0.154207292
530.1040919,99.92337036,2471,96.98370984,0.025254089,2.861966705,0.129069366,0.154323455
530.6044678,99.92364502,2422,96.97227661,0.025296318,2.873262958,0.129164117,0.154460435
531.1051647,99.92471313,2408,96.96090612,0.025294387,2.88447717,0.129322319,0.154616706
531.6067659,99.92471313,2420,96.94938504,0.025298303,2.895849753,0.129466903,0.154765206
532.108031,99.92498779,2428,96.93787651,0.025335768,2.907208324,0.129579402,0.15491517
532.608111,99.92498779,2427,96.92630522,0.025390918,2.918641143,0.129662718,0.155053636
533.1097139,99.92538452,2410,96.91480924,0.025421627,2.930001445,0.129767691,0.155189318
533.6099775,99.92715454,2431,96.90351406,0.025292774,2.941148393,0.130044776,0.15533755
534.110822,99.92892456,2442,96.89215612,0.02505019,2.952363419,0.130430266,0.155480456
534.6123282,99.93017578,2468,96.88076054,0.024736309,2.963618722,0.130884426,0.155620735
535.1127995,99.9303894,2482,96.86929593,0.024433335,2.974962515,0.131308216,0.155741551
535.6150611,99.92947388,2473,96.85769327,0.024405796,2.986431168,0.131469763,0.155875559
536.1151741,99.93054199,2471,96.84620984,0.024339013,2.997750738,0.13170041,0.156039423
536.6178493,99.93069458,2460,96.8345005,0.0243847,3.009282108,0.13183269,0.15621739
537.1195987,99.93179321,2449,96.82292922,0.024372279,3.020695321,0.132003184,0.156375463
537.6207399,99.93173218,2443,96.81125753,0.024423262,3.032209997,0.132109211,0.156532473
538.1220495,99.93182373,2456,96.79957329,0.024513549,3.043738438,0.132174719,0.156688268
538.6226327,99.93234253,2447,96.78788906,0.024610187,3.05525999,0.132240767,0.156850954
539.1242838,99.93203735,2407,96.77609187,0.024746418,3.066901522,0.132260193,0.157006611
539.6246177,99.93270874,2377,96.76434488,0.024897025,3.078481308,0.132276788,0.157173813
540.1255207,99.93307495,2352,96.75262299,0.024998633,3.090045319,0.132333055,0.157331688
540.6263102,99.93243408,2322,96.7407254,0.025079307,3.101813297,0.132381994,0.157461301
541.1272817,99.93209839,2312,96.72890311,0.025140287,3.113494881,0.132461719,0.157602006
541.6303035,99.93353271,2324,96.7172377,0.025120993,3.125005256,0.13263605,0.157757043
542.1320483,99.93331909,2345,96.70537149,0.025125232,3.136737208,0.132766074,0.157891306
542.632238,99.9324646,2316,96.69353037,0.025107414,3.14844598,0.132916235,0.158023649
543.1335252,99.93133545,2294,96.68172691,0.025145472,3.160116315,0.133011305,0.158156777
543.6359291,99.93069458,2289,96.66979167,0.025184524,3.171918867,0.133104942,0.158289466
544.1363397,99.93069458,2286,96.6579882,0.025175167,3.18360566,0.133230971,0.158406138
544.6374061,99.92907715,2294,96.64600904,0.025185004,3.195488621,0.133317339,0.158502343
545.1399292,99.92944336,2320,96.63423695,0.025114142,3.207131675,0.133517235,0.158631377
545.6411226,99.92810059,2349,96.62230171,0.025068612,3.218957492,0.133672189,0.158740801
546.1421592,99.92721558,2368,96.61044177,0.025022046,3.230701949,0.133834238,0.158856284
546.6434185,99.92605591,2362,96.59848143,0.024980084,3.242571764,0.133966726,0.15894681
547.1444485,99.92630005,2384,96.58668424,0.024952538,3.254231605,0.134131619,0.159084157
547.6446582,99.9258728,2389,96.574749,0.024913601,3.266019859,0.134317544,0.159231145
548.1449132,99.92486572,2386,96.56270708,0.024942158,3.277913295,0.134437469,0.159379627
548.6464022,99.92456055,2388,96.55069654,0.024987165,3.289774016,0.134542283,0.159529448
549.146487,99.92398071,2390,96.53862952,0.025040698,3.301699699,0.134630085,0.159670783
549.6487839,99.92391968,2389,96.52656878,0.025120077,3.313615934,0.134695214,0.159815291
550.1500465,99.92352295,2370,96.51440763,0.025210626,3.325632566,0.134749177,0.159959803
550.6506904,99.92324829,2373,96.50230296,0.025289439,3.337596308,0.134811291,0.16010073
551.1532593,99.92263794,2399,96.49007279,0.025382145,3.349699933,0.13484513,0.160227275
551.6536964,99.92269897,2415,96.47789282,0.025481035,3.361711032,0.134915112,0.160396147
552.1543555,99.92260742,2456,96.46574423,0.025571537,3.373696066,0.13498817,0.160559707
552.6543993,99.92205811,2480,96.45362701,0.025660223,3.385668245,0.135044524,0.160704747
553.1568849,99.921875,2495,96.44149724,0.025764128,3.397639508,0.135099125,0.160863253
553.6592509,99.92160034,2525,96.42927334,0.025838051,3.409705478,0.135183128,0.161021179
554.1599716,99.92178345,2562,96.41717495,0.02590003,3.421638256,0.135286765,0.161186795
554.6613201,99.92196655,2561,96.40495733,0.02593377,3.433708877,0.135400023,0.161333793
555.1627581,99.92202759,2545,96.39263303,0.026037267,3.445878534,0.135451167,0.161488434
555.6658371,99.92337036,2540,96.38045306,0.026113561,3.457891588,0.135541789,0.16165535
556.1668381,99.92474365,2536,96.36829192,0.0260593,3.469902795,0.135745987,0.161805287
556.6682259,99.92443848,2555,96.35589859,0.026071921,3.482170877,0.135858608,0.161930529
557.1690083,99.92510986,2565,96.3436747,0.026007184,3.494232404,0.136085712,0.162092896
557.6706027,99.92449951,2567,96.33128765,0.026037867,3.506480929,0.136193554,0.162231421
558.1718661,99.92382813,2548,96.31886923,0.026107561,3.51874443,0.136278782,0.162386343
558.6721631,99.92404175,2536,96.30660768,0.02617064,3.530847349,0.13637433,0.16254497
559.1723703,99.92459106,2529,96.29432731,0.026138198,3.542981726,0.136552766,0.162690964
559.6736478,99.92498779,2528,96.28201556,0.026074268,3.555143646,0.136766524,0.162840792
560.1738342,99.92578125,2529,96.26971637,0.026026169,3.567279083,0.136978382,0.163004551
560.6759671,99.92553711,2520,96.25719127,0.026098087,3.579674233,0.137036415,0.163134502
561.1768596,99.92553711,2526,96.24475402,0.026182958,3.591977943,0.137085083,0.163268041
561.6788027,99.92584229,2543,96.23222892,0.026272117,3.604357175,0.137141792,0.163413909
562.1794796,99.92611694,2541,96.21975402,0.026356117,3.616698229,0.137191638,0.163547755
562.6796559,99.92614746,2536,96.20730422,0.026435432,3.629006342,0.137254009,0.163689441
563.1799745,99.92709351,2538,96.19492972,0.026444683,3.641241222,0.137384376,0.163829059
563.6800099,99.92803955,2519,96.18250502,0.026326571,3.653548949,0.13761946,0.163946031
564.1824459,99.9286499,2502,96.17006777,0.026278052,3.665839429,0.137814748,0.1640928
564.6833381,99.92980957,2487,96.15774975,0.026154432,3.678004734,0.138091085,0.164245517
565.1840694,99.92993164,2441,96.14535643,0.026116233,3.690257919,0.138269423,0.164385656
565.6845843,99.92977905,2429,96.13279367,0.026152189,3.702676824,0.138377313,0.164529502
566.1853658,99.93002319,2413,96.12029995,0.026169816,3.715023559,0.138506676,0.164676492
566.6860589,99.92987061,2364,96.10772465,0.026192781,3.727446728,0.138635842,0.164828623
567.187584,99.92996216,2353,96.09519327,0.026192719,3.739828531,0.138785476,0.164978195
567.6893306,99.93051147,2303,96.08268072,0.026087786,3.752194802,0.139036689,0.165124475
568.1897585,99.93081665,2264,96.06997992,0.025999671,3.764762768,0.139257641,0.165257312
568.691217,99.93078613,2254,96.05729167,0.025952078,3.777319517,0.139436739,0.165388817
569.1919887,99.93081665,2249,96.04444654,0.025977932,3.790034359,0.139541173,0.165519105
569.6920365,99.93136597,2275,96.03190261,0.025966908,3.802413361,0.13971712,0.165684028
570.1931611,99.93136597,2290,96.01919553,0.026003599,3.814969448,0.13983142,0.165835019
570.6938213,99.93139648,2265,96.0064759,0.026032775,3.827559573,0.139931748,0.165964523
571.1956445,99.9329834,2302,95.99394453,0.026009271,3.839941532,0.140104669,0.16611394
571.6989434,99.93331909,2312,95.98128765,0.025952485,3.852451573,0.140308291,0.166260776
572.1990791,99.93283081,2305,95.96865587,0.025849829,3.86493602,0.140558278,0.166408107
572.6993105,99.93218994,2312,95.9559488,0.025785647,3.877480138,0.14078542,0.166571067
573.2000382,99.93182373,2330,95.94313504,0.025748961,3.890104553,0.141011446,0.166760407
573.7002921,99.93127441,2333,95.93023343,0.025807435,3.902844232,0.141114899,0.166922334
574.2013053,99.93218994,2335,95.91755773,0.025824869,3.915340402,0.141276998,0.167101867
574.7017132,99.93249512,2342,95.90481928,0.02583593,3.927917474,0.141427318,0.167263248
575.2028139,99.93222046,2325,95.8918863,0.025890019,3.940694814,0.141528872,0.167418891
575.7038446,99.93362427,2345,95.87911019,0.025899343,3.953303932,0.141686534,0.167585877
576.2051226,99.93377686,2366,95.86617721,0.025970339,3.96606847,0.141783982,0.167754321
576.7060416,99.93557739,2396,95.85346386,0.02594015,3.978606406,0.141989589,0.167929739
577.2074539,99.93551636,2404,95.84063755,0.025894493,3.991276658,0.142191299,0.168085792
577.7075249,99.93554688,2425,95.82783635,0.02587738,4.003923268,0.142363007,0.168240387
578.2089423,99.93490601,2437,95.81499749,0.025884112,4.016603159,0.142515239,0.168399351
578.7105076,99.93426514,2434,95.80210216,0.025932364,4.029347496,0.142617982,0.168550346
579.2121173,99.93386841,2453,95.78908133,0.025974497,4.042211075,0.142733103,0.1687076
579.7132133,99.93356323,2478,95.77601657,0.026055547,4.055128258,0.142799629,0.168855176
580.2135838,99.93347168,2453,95.76301456,0.026152896,4.067985044,0.142847501,0.169000397
580.7140149,99.93286133,2441,95.7498494,0.026267,4.081011932,0.14287167,0.16913867
581.2148995,99.93283081,2432,95.73683484,0.026363958,4.093891662,0.142909541,0.169273499
581.7151127,99.9324646,2438,95.72386421,0.026456923,4.106730931,0.142947939,0.169404862
582.2162116,99.93218994,2453,95.71085592,0.026537868,4.119608975,0.142997233,0.169535101
582.7170084,99.93331909,2472,95.69801707,0.026512609,4.132300255,0.143170068,0.169682677
583.2172437,99.93395996,2482,95.68511546,0.026353853,4.145048419,0.143482266,0.169836119
583.7189596,99.93365479,2489,95.6721762,0.026196038,4.157838281,0.143789477,0.169985515
584.2212045,99.93377686,2488,95.65921185,0.025914633,4.170644762,0.144228758,0.170143391
584.7221702,99.93356323,2499,95.64622866,0.025660217,4.183487286,0.144623832,0.170284049
585.2222508,99.93325806,2500,95.63326431,0.025552292,4.19632489,0.144858511,0.170410803
585.7225702,99.93191528,2518,95.62024347,0.025573779,4.209202729,0.144980018,0.170553797
586.2230503,99.93157959,2549,95.60710969,0.025608896,4.222198483,0.145082932,0.170691828
586.7230617,99.93121338,2549,95.59407003,0.025671656,4.235094308,0.145164006,0.170835662
587.2242031,99.93121338,2538,95.58098017,0.025743995,4.248064349,0.145211486,0.170955481
587.7243238,99.93093872,2520,95.56782129,0.025830336,4.26111764,0.14523074,0.171061076
588.225361,99.93133545,2524,95.55480673,0.02591098,4.274024124,0.145258169,0.171169149
588.7263341,99.93237305,2523,95.54185492,0.025899313,4.286858371,0.145387397,0.17128671
589.2283014,99.93313599,2541,95.52877134,0.025814173,4.299821046,0.145593446,0.171407619
589.7304116,99.9329834,2543,95.51560617,0.025746192,4.312863937,0.145783696,0.171529888
590.2319797,99.93328857,2544,95.50247239,0.025741663,4.325878134,0.145907813,0.171649476
590.7332821,99.934021,2533,95.48935743,0.025695782,4.33887114,0.146075648,0.17177143
591.2337254,99.93487549,2552,95.47610442,0.025696145,4.352006805,0.146192632,0.171888777
591.7343639,99.93508911,2561,95.46289533,0.025712028,4.36509734,0.146295301,0.172007329
592.2367022,99.93417358,2584,95.44936621,0.025760905,4.378539071,0.146333809,0.172094714
592.7381687,99.93490601,2555,95.43618223,0.025729603,4.39160736,0.146480808,0.172210411
593.2382503,99.93515015,2572,95.42293549,0.025661969,4.404744936,0.146657602,0.172319571
593.73835,99.93475342,2580,95.40976406,0.025604098,4.417806618,0.146825228,0.172429326
594.2391445,99.93545532,2601,95.39663027,0.025485763,4.430823385,0.147060581,0.172546344
594.7419535,99.93447876,2601,95.38320156,0.025523539,4.444153926,0.147120979,0.172644518
595.244589,99.93426514,2591,95.36979794,0.02561467,4.457433305,0.147154083,0.172768753
595.7456009,99.93359375,2526,95.35628765,0.025723806,4.470819521,0.147169023,0.172892829
596.2465408,99.93301392,2461,95.34282756,0.025832943,4.484155828,0.147183669,0.173016612
596.7469915,99.93347168,2414,95.32944277,0.02593165,4.497414505,0.147211073,0.173142723
597.2490233,99.93435669,2438,95.31611446,0.025984897,4.510613511,0.147287134,0.173272031
597.7508774,99.93457031,2423,95.30277359,0.0259706,4.523821856,0.14743395,0.17340455
598.2531668,99.93353271,2418,95.28933233,0.025959612,4.537142491,0.147565567,0.173525179
598.7557583,99.93499756,2421,95.27601657,0.025770845,4.550326673,0.147885916,0.173656761
599.2567743,99.93630981,2422,95.26274473,0.025439902,4.563454543,0.148360826,0.173800728
599.7572358,99.93597412,2432,95.24941014,0.02531795,4.576653866,0.148618044,0.173935994
600.2595908,99.93624878,2426,95.23600653,0.025258871,4.589929924,0.148804679,0.17406355
600.7615307,99.9364624,2392,95.22254644,0.025246172,4.603266168,0.148941224,0.174187396
601.2637097,99.93548584,2386,95.20889809,0.02530145,4.616799363,0.149001095,0.174302545
601.7664066,99.93463135,2401,95.19516817,0.025392454,4.630404305,0.149035068,0.174427522
602.267539,99.93475342,2413,95.1815261,0.025490319,4.643916557,0.14906702,0.174557339
602.7684542,99.93496704,2414,95.16795306,0.025581351,4.657355438,0.149110149,0.1746915
603.2692431,99.93515015,2433,95.15449297,0.025653228,4.67067677,0.14917703,0.174830258
603.770895,99.93539429,2434,95.14097641,0.025710036,4.684054915,0.149258643,0.174968679
604.2711993,99.93582153,2445,95.12749121,0.025721496,4.697424384,0.149362906,0.175084402
604.7728782,99.93563843,2462,95.11394327,0.025782126,4.710862622,0.149411979,0.175194105
605.2741417,99.93569946,2427,95.10036396,0.025854449,4.724329673,0.149451921,0.17530637
605.774197,99.93566895,2448,95.08682229,0.0259329,4.737759577,0.149485233,0.175418133
606.2754688,99.93536377,2426,95.07320532,0.026010398,4.751268909,0.149515371,0.175525769
606.7756866,99.93502808,2406,95.0595758,0.026065882,4.764792412,0.149565903,0.175631785
607.2761489,99.93536377,2384,95.04599649,0.026106152,4.778258278,0.149639084,0.175745236
607.7767626,99.93585205,2366,95.03234814,0.026156353,4.791791121,0.149704384,0.175860737
608.2778196,99.93621826,2385,95.01853037,0.026183184,4.805504087,0.149782357,0.175965541
608.7786599,99.9364624,2391,95.00478163,0.02623181,4.819141897,0.149844667,0.176076477
609.2797297,99.93719482,2386,94.99108936,0.02626533,4.832718003,0.149927309,0.176192639
609.7804201,99.93811035,2370,94.97748494,0.026256491,4.846211347,0.150047223,0.176303714
610.2814548,99.93850708,2365,94.96379267,0.026227119,4.859804703,0.150175507,0.176402626
610.7825112,99.93960571,2372,94.95023845,0.026104062,4.873246808,0.150410676,0.176514738
611.2826748,99.93878174,2375,94.93644578,0.026048386,4.886957323,0.150548508,0.176596894
611.7830474,99.93936157,2353,94.92282254,0.026039844,4.900484246,0.15065337,0.176693214
612.2834064,99.94003296,2381,94.90913655,0.026053267,4.91405894,0.150751247,0.176804514
612.7840458,99.9407959,2404,94.89549448,0.025975499,4.927582875,0.150947148,0.176922647
613.2851756,99.94100952,2395,94.88175201,0.025883567,4.941213606,0.151150819,0.177034386
613.7866577,99.94033813,2358,94.86805974,0.025859487,4.954792749,0.151288026,0.177147513
614.2873435,99.93991089,2359,94.85429217,0.025889538,4.968444181,0.151374112,0.17726365
614.7887844,99.93908691,2383,94.84046185,0.025945236,4.982165552,0.151427365,0.177372601
615.290741,99.9382019,2398,94.82640562,0.026037567,4.996109763,0.151447048,0.177484615
615.792166,99.93838501,2402,94.81270708,0.026076155,5.009684919,0.151531848,0.177608003
616.2944895,99.93804932,2409,94.79888303,0.026076339,5.023387005,0.151653624,0.177729963
616.7948074,99.93807983,2431,94.78522214,0.026006804,5.036928813,0.151842244,0.177849048
617.295373,99.93829346,2423,94.77151104,0.025921962,5.050526018,0.152040976,0.177962938
617.7979693,99.93817139,2406,94.75777485,0.025891214,5.064154577,0.15217936,0.178070574
618.2996451,99.93844604,2393,94.74407631,0.025647828,5.077741217,0.15253465,0.178182478
618.8000497,99.93841553,2384,94.73038404,0.025317415,5.091328637,0.152969912,0.178287327
619.3009956,99.93835449,2415,94.71664157,0.025096834,5.104956926,0.153304674,0.178401508
619.8017978,99.93792725,2430,94.7028489,0.024943506,5.118653588,0.153554011,0.178497517
620.3022826,99.93765259,2435,94.68899347,0.0248554,5.132410799,0.153740328,0.178595728
620.8031038,99.93670654,2404,94.67481802,0.024904893,5.146497857,0.153779228,0.178684121
621.3041818,99.93670654,2404,94.6609124,0.024963459,5.160284503,0.153839638,0.178803097
621.8056638,99.93692017,2397,94.6468248,0.025027896,5.174262981,0.153884324,0.17891222
622.3085175,99.93774414,2400,94.63292545,0.025044897,5.18804772,0.153981931,0.179026828
622.8103424,99.93829346,2411,94.61903865,0.025005074,5.201829069,0.154127202,0.179132276
623.3124886,99.93939209,2441,94.60517696,0.024946167,5.215579645,0.15429723,0.179243397
623.8125952,99.93997192,2457,94.59120231,0.024839058,5.229453368,0.154505265,0.179344323
624.3146693,99.93966675,2482,94.57718373,0.024862784,5.243372278,0.154581203,0.179443987
624.815914,99.93969727,2486,94.56307731,0.024909241,5.257373516,0.154639934,0.179549175
625.316785,99.93939209,2487,94.54886421,0.024995548,5.271476644,0.154663601,0.179659149
625.8180315,99.9397583,2471,94.53468876,0.025070475,5.285529885,0.154710885,0.17978136
626.3186932,99.94061279,2463,94.52063253,0.025115037,5.299457116,0.154795317,0.179910354
626.8218599,99.94100952,2489,94.506501,0.025163776,5.313476098,0.154859122,0.180022898
627.3240728,99.94223022,2503,94.49257028,0.02512896,5.327292812,0.155007947,0.180136907
627.8243578,99.94152832,2487,94.47838855,0.025162163,5.341373339,0.155075943,0.180238106
628.3260901,99.94134521,2479,94.46421938,0.025224131,5.355426192,0.155130299,0.18035443
628.8287841,99.94146729,2473,94.4501757,0.025271839,5.369349603,0.155202855,0.180474694
629.3296397,99.94134521,2448,94.4361634,0.025289287,5.383250328,0.155296981,0.180586268
629.8303357,99.94165039,2416,94.4221511,0.025242854,5.397170334,0.155435708,0.180678562
630.3310634,99.94091797,2416,94.40803213,0.025173327,5.411198025,0.155596519,0.180769846
630.8313521,99.94015503,2397,94.39375,0.025219376,5.425383512,0.155647112,0.180866488
631.3328658,99.93960571,2397,94.37959965,0.025274131,5.439441188,0.155685033,0.180959164
631.8360894,99.93917847,2413,94.36546185,0.025327128,5.45347649,0.155734535,0.181061663
632.3373997,99.93829346,2416,94.35121737,0.025395065,5.467618873,0.155768692,0.181163757
632.838651,99.93814087,2434,94.33704819,0.0254485,5.481684181,0.155819126,0.181267626
633.3392655,99.93774414,2440,94.32281627,0.02550051,5.49582461,0.155858615,0.181359125
633.8400992,99.93804932,2448,94.30865964,0.025544586,5.509883479,0.155912297,0.181456883
634.3402981,99.9369812,2481,94.29447791,0.025604112,5.523970211,0.155947766,0.181551878
634.8418917,99.93591309,2484,94.28004518,0.025680312,5.53831674,0.155957767,0.181638079
635.3425959,99.93569946,2504,94.26593876,0.02574681,5.552341066,0.155973369,0.181720179
635.8435858,99.93630981,2492,94.25187626,0.025773933,5.566317443,0.156032369,0.181806302
636.3445058,99.93734741,2502,94.23776355,0.025718349,5.580336192,0.156181905,0.181900254
636.8466345,99.93746948,2499,94.2235881,0.025560451,5.594411563,0.156439883,0.182000334
637.3469183,99.93734741,2494,94.2094754,0.025353613,5.608423696,0.156747289,0.182100902
637.8490095,99.93624878,2485,94.19503012,0.025317185,5.622798103,0.156854591,0.182171776
638.350738,99.93637085,2462,94.18067269,0.02530342,5.637059741,0.156964148,0.182267568
638.8521976,99.93704224,2436,94.16626506,0.0253178,5.651362113,0.157055027,0.182372827
639.3525776,99.93859863,2418,94.15210216,0.025314248,5.665425456,0.157158137,0.182472385
639.8543555,99.93951416,2422,94.13763805,0.025308701,5.679799206,0.157254041,0.182562742
640.354513,99.93991089,2444,94.12325552,0.025299671,5.694075473,0.157369333,0.182669004
640.8556241,99.94058228,2437,94.10896084,0.025305599,5.708244753,0.157488805,0.182794404
641.3566678,99.94012451,2419,94.09446536,0.025368164,5.72262085,0.157545624,0.182913788
641.8574357,99.9392395,2408,94.08006401,0.025460662,5.736900648,0.157574683,0.183035345
642.3578995,99.93893433,2416,94.0655246,0.02556448,5.751316518,0.157594403,0.183158883
642.8596556,99.93817139,2378,94.05089734,0.025655298,5.765819697,0.157627666,0.183282964
643.3598871,99.93914795,2354,94.03657756,0.02566887,5.779997215,0.157756355,0.183425225
643.8616622,99.93930054,2376,94.02220131,0.02567514,5.794237114,0.157886441,0.183561581
644.3621701,99.93969727,2389,94.00781878,0.025550631,5.808479288,0.158151306,0.183701937
644.8639068,99.93942261,2377,93.99337977,0.025493263,5.822776794,0.158350173,0.183843436
645.3650228,99.93908691,2381,93.97896586,0.025424642,5.83702957,0.158579925,0.184004567
645.8658239,99.93920898,2379,93.96460216,0.025340999,5.851234897,0.158821945,0.184162944
646.3659471,99.93933105,2353,93.95025728,0.025170512,5.865426323,0.159145885,0.184316397
646.8674128,99.93869019,2332,93.93542922,0.025195342,5.880153029,0.159222412,0.184417754
647.3687367,99.93917847,2355,93.92099021,0.025200575,5.894439791,0.159369423,0.184569998
647.8703585,99.93914795,2353,93.90638805,0.025271484,5.908906488,0.159433976,0.18470546
648.3706859,99.93896484,2358,93.89194277,0.025340953,5.9232151,0.159501176,0.184842129
648.8712057,99.93823242,2356,93.87741591,0.025371434,5.937612276,0.159600377,0.184971811
649.3725786,99.93743896,2367,93.86285768,0.025396892,5.952064736,0.159680691,0.185077583
649.8732574,99.93667603,2353,93.84841867,0.025459982,5.966399509,0.159721834,0.185181816
650.3743916,99.93670654,2336,93.83383534,0.025556489,5.980877401,0.159730769,0.185287258
650.8749968,99.93630981,2344,93.81925828,0.02564516,5.995341741,0.159754815,0.185399975
651.3763226,99.93603516,2381,93.80474398,0.025726159,6.009740341,0.159789524,0.185515683
651.8779704,99.93624878,2397,93.79021084,0.025765461,6.024165255,0.15985844,0.185623901
652.3784768,99.93618774,2391,93.77540788,0.025785068,6.038884364,0.159922686,0.185707754
652.8787158,99.93600464,2407,93.76079317,0.025768308,6.053381948,0.160056572,0.18582488
653.3804991,99.93600464,2442,93.74620984,0.025717525,6.067845374,0.160227262,0.185944787
653.8817705,99.93603516,2467,93.73161396,0.025653713,6.082321694,0.160410637,0.18606435
654.3824771,99.93606567,2483,93.71703062,0.025594935,6.096775921,0.160598522,0.186193457
654.8849626,99.93713379,2489,93.70245984,0.025515473,6.111202039,0.160822649,0.186338122
655.3855593,99.93753052,2496,93.68768825,0.025450606,6.125865179,0.160995961,0.186446567
655.8861898,99.93765259,2488,93.67304844,0.025417202,6.140380155,0.161154199,0.186571401
656.3867462,99.93725586,2464,93.65849021,0.025446329,6.154824216,0.161239244,0.186685573
656.8876316,99.93786621,2437,93.64383158,0.025454378,6.169352376,0.16136167,0.186816048
657.3883476,99.93838501,2417,93.62914784,0.025485542,6.183923861,0.161442756,0.186928298
657.8897296,99.93881226,2427,93.61440763,0.025513175,6.198538574,0.16154062,0.187053795
658.390632,99.9385376,2424,93.59961094,0.025550202,6.213234098,0.161604756,0.187154958
658.8928,99.93795776,2424,93.58469503,0.025621419,6.22804123,0.161642321,0.18726374
659.394288,99.9385376,2425,93.56997992,0.0256464,6.242628139,0.161745542,0.187391942
659.8945059,99.94015503,2433,93.55532129,0.025610459,6.2571413,0.161926956,0.187537415
660.394938,99.9397583,2429,93.54038027,0.025659895,6.271970274,0.16198956,0.187649455
660.896969,99.94085693,2449,93.52575301,0.025677901,6.28646399,0.162105098,0.187782999
661.3996276,99.94168091,2447,93.51104418,0.025688521,6.30104641,0.162220893,0.187909414
661.900086,99.94210815,2454,93.49634789,0.025672755,6.315629172,0.162350182,0.188022937
662.4012106,99.94152832,2420,93.48157631,0.025751094,6.330281704,0.162390897,0.188141991
662.9020994,99.94152832,2390,93.46681099,0.025813744,6.344909959,0.162465303,0.188279047
663.4023429,99.94125366,2388,93.45208961,0.025913205,6.359491328,0.162505858,0.188419063
663.9032941,99.94229126,2379,93.43726155,0.025947657,6.374171068,0.162619729,0.188567386
664.4048551,99.9420166,2373,93.42242721,0.025990161,6.388881362,0.162701269,0.18869143
664.9053487,99.9418335,2366,93.4078125,0.026020206,6.403378909,0.162788385,0.188808591
665.4084685,99.94128418,2369,93.39302209,0.026041495,6.418039639,0.162896778,0.188938273
665.9096705,99.94116211,2365,93.37825678,0.026044253,6.432679583,0.163019387,0.18906364
666.4114577,99.94058228,2372,93.36333459,0.026101256,6.447494433,0.163069723,0.189170979
666.9135826,99.94116211,2419,93.34837475,0.026162003,6.462338533,0.163124716,0.189286719
667.4144709,99.94174194,2461,93.33350276,0.026202196,6.47710635,0.163188692,0.189390888
667.9165751,99.94293213,2511,93.3186747,0.026236624,6.491837038,0.163251639,0.189488263
668.4180255,99.94326782,2504,93.30382781,0.026265205,6.506589309,0.163317675,0.18958288
668.9197392,99.9432373,2481,93.28896837,0.026346383,6.521357972,0.163327271,0.189673654
669.4210798,99.94348145,2458,93.27396461,0.026430766,6.536271312,0.163333314,0.18976408
669.9215866,99.94433594,2452,93.25904869,0.026505007,6.551077001,0.163369298,0.189874305
670.4216053,99.94433594,2424,93.24423318,0.026586307,6.565796861,0.163383649,0.189969956
670.9219742,99.94445801,2438,93.22948042,0.026657515,6.580447259,0.163414804,0.190072319
671.4224522,99.94418335,2439,93.21464608,0.026724721,6.595191766,0.163437429,0.19016215
671.9236579,99.94543457,2431,93.1998243,0.026729296,6.609903993,0.163542414,0.19027171
672.4250674,99.94424438,2402,93.18500251,0.026765558,6.624622697,0.163609234,0.190374792
672.9261035,99.94369507,2380,93.17011797,0.026812747,6.639403951,0.16366533,0.190478077
673.4267201,99.94259644,2315,93.15508283,0.026857258,6.654356709,0.163703201,0.190560459
673.9274142,99.94198608,2304,93.14006652,0.026864989,6.669287554,0.163780942,0.190645931
674.4280915,99.94073486,2263,93.12510668,0.026893781,6.684152761,0.163846781,0.190740562
674.9284417,99.93994141,2262,93.11012801,0.026955441,6.699039039,0.163877507,0.190832948
675.4284555,99.93948364,2294,93.09518072,0.027002633,6.713885737,0.163930907,0.19093354
675.9300955,99.93991089,2332,93.08022716,0.026969885,6.728732478,0.164070479,0.191040364
676.4315607,99.94003296,2336,93.06527359,0.026911246,6.743569333,0.164245826,0.191157072
676.9323005,99.93972778,2311,93.05015688,0.02681696,6.758595392,0.16443077,0.19124773
677.4336936,99.93945313,2315,93.03516566,0.026774459,6.773480932,0.164578946,0.191353405
677.9345755,99.93899536,2332,93.02028112,0.026742615,6.788263552,0.164712708,0.191455323
678.4360414,99.93902588,2329,93.00514558,0.026764351,6.803313651,0.164776415,0.191540766
678.9373698,99.93920898,2339,92.99018574,0.026794538,6.81819162,0.164828099,0.191622637
679.4385877,99.93878174,2321,92.97514433,0.026850689,6.833160535,0.164844449,0.191695138
679.9390131,99.93969727,2336,92.96017821,0.026904459,6.848026429,0.164890899,0.191795358
680.4410994,99.94070435,2330,92.94515562,0.026938071,6.862941491,0.164964815,0.191902886
680.9418062,99.94140625,2338,92.93015813,0.026876589,6.877818179,0.1651471,0.192023689
681.443015,99.94070435,2324,92.91504769,0.02693248,6.892808717,0.165211113,0.192143593
681.9438823,99.94052124,2339,92.89998745,0.027004913,6.907744387,0.16526325,0.192268163
682.444233,99.9418335,2344,92.88495231,0.026956973,6.922630157,0.165460561,0.192417534
682.945504,99.94158936,2374,92.86969127,0.02697969,6.937754479,0.165574566,0.192554256
683.4458855,99.9407959,2405,92.8545369,0.027012064,6.952781107,0.165669931,0.192681995
683.9480432,99.93988037,2439,92.83925703,0.027112834,6.96793132,0.165698818,0.192811652
684.4490578,99.93991089,2455,92.82406501,0.02720677,6.98298713,0.165741089,0.192947859
684.9509348,99.93978882,2482,92.80881024,0.027316799,6.998089232,0.165783728,0.193100527
685.452424,99.94021606,2490,92.79360567,0.027372913,7.013140789,0.165880625,0.193253538
685.9536606,99.94003296,2486,92.77845131,0.027406351,7.028146133,0.165996211,0.193402562
686.4549024,99.93954468,2495,92.76331576,0.027460716,7.043139348,0.166084173,0.193544889
686.9562389,99.93917847,2483,92.74819277,0.027540319,7.058126715,0.166140196,0.193680515
687.4578256,99.93930054,2495,92.73300703,0.027586163,7.07316995,0.166236859,0.193823022
687.9591597,99.93920898,2505,92.71785894,0.02762904,7.088181761,0.166330262,0.193959302
688.460838,99.93930054,2497,92.70272339,0.027685139,7.103177912,0.166413555,0.194098694
688.9637016,99.93933105,2476,92.6875,0.027711566,7.118258851,0.166529583,0.194241149
689.4666416,99.93917847,2493,92.67223896,0.027665735,7.133372547,0.166722763,0.194388498
689.969149,99.9397583,2486,92.65705321,0.027556037,7.148407129,0.166983621,0.194539658
690.4708757,99.9397583,2499,92.64191767,0.027462395,7.163405361,0.167214574,0.194676969
690.9725609,99.93960571,2507,92.62676958,0.027388871,7.178418097,0.167423454,0.194812325
691.4728618,99.93869019,2520,92.61169679,0.027423062,7.193366811,0.167513339,0.194936401
691.9737659,99.93811035,2530,92.59641064,0.027503682,7.208535065,0.16755061,0.195054292
692.4756322,99.93850708,2513,92.58121862,0.027537255,7.223599286,0.167644835,0.19518209
692.9757079,99.93835449,2481,92.56600151,0.027553096,7.238689867,0.167755531,0.195308627
693.4761547,99.93795776,2494,92.55096637,0.027589233,7.253597428,0.167846974,0.195436207
693.9764027,99.93960571,2491,92.5357618,0.027480396,7.268655589,0.168102218,0.195582614
694.4768561,99.9395752,2465,92.52049448,0.027380638,7.283782741,0.168342143,0.195722781
694.9790945,99.93978882,2462,92.50522088,0.027353886,7.298914003,0.168511228,0.195865114
695.4805004,99.93991089,2448,92.48997866,0.027341783,7.314019022,0.168660531,0.196002314
695.9806153,99.94030762,2455,92.47462977,0.027393749,7.329239707,0.168736776,0.196130525
696.4826222,99.94119263,2470,92.45929342,0.027367076,7.344446104,0.168893396,0.196260472
696.9826889,99.94219971,2467,92.444001,0.027166782,7.359618384,0.16921383,0.196380612
697.4830725,99.94235229,2456,92.42873368,0.026975076,7.374772687,0.169518553,0.196493629
697.9835699,99.94250488,2445,92.41346637,0.026828165,7.389913202,0.169792267,0.196620432
698.4846519,99.94262695,2410,92.39818022,0.026727313,7.405075717,0.170016749,0.196744062
698.9847172,99.94238281,2373,92.38269327,0.026723502,7.420458169,0.170125056,0.196848558
699.4877653,99.94241333,2385,92.36726908,0.026757077,7.43574568,0.170228166,0.196985243
699.9893103,99.94229126,2378,92.3518135,0.026809766,7.451073263,0.170303467,0.197113233
700.4899192,99.94241333,2386,92.33642696,0.026836818,7.466327649,0.170408575,0.197245393
700.9903281,99.94320679,2381,92.32095884,0.026857234,7.481657722,0.170526209,0.197383443
701.4908699,99.943573,2357,92.30555974,0.026894235,7.496915212,0.170630814,0.197525049
701.9928065,99.94403076,2358,92.29007279,0.026940857,7.512275273,0.170711079,0.197651936
702.4930695,99.94464111,2336,92.2747741,0.026981103,7.527451177,0.170793624,0.197774727
702.9938774,99.94387817,2357,92.25930597,0.027059272,7.542803407,0.170831348,0.19789062
703.4945451,99.94390869,2352,92.24396335,0.02713441,7.558026889,0.170875347,0.198009757
703.9955692,99.94424438,2351,92.22848268,0.027199012,7.573386018,0.170932289,0.198131301
704.4967985,99.94354248,2333,92.21291416,0.027297557,7.588838545,0.170949741,0.198247298
704.9973969,99.94473267,2357,92.19749623,0.027408964,7.60411991,0.170974891,0.198383855
705.498859,99.94625854,2376,92.18200929,0.027477338,7.619474262,0.171039113,0.198516451
705.9991215,99.94656372,2363,92.16646586,0.027501072,7.634904924,0.17112814,0.198629212
706.4994906,99.94613647,2355,92.15104167,0.027551656,7.650205516,0.171201162,0.198752818
707.0001044,99.94625854,2343,92.13551707,0.027596335,7.665603883,0.171282714,0.198879049
707.502549,99.94747925,2354,92.11996737,0.027652039,7.681022282,0.171358309,0.199010348
708.0037858,99.94766235,2362,92.10444277,0.027732518,7.696395966,0.171428745,0.199161263
708.5047458,99.94873047,2389,92.08894327,0.027774933,7.711731665,0.171550129,0.199325062
709.0065612,99.94909668,2403,92.07334965,0.027787055,7.727143998,0.171719299,0.199506354
709.5090936,99.94909668,2401,92.05770582,0.027833704,7.742625035,0.171835437,0.199669141
710.0110082,99.94866943,2425,92.04215612,0.027960646,7.758011171,0.171872059,0.199832705
710.5132095,99.94921875,2426,92.02658133,0.028021029,7.77343102,0.171966626,0.199987655
711.0142159,99.94976807,2436,92.01110693,0.028032825,7.788757284,0.172102963,0.200135788
711.5157322,99.94906616,2449,91.9955635,0.028092941,7.804181469,0.172162086,0.200255027
712.0161844,99.94955444,2488,91.97991968,0.02815355,7.819703012,0.172223758,0.200377308
712.5169679,99.949646,2511,91.96442018,0.028225009,7.835090018,0.172264792,0.200489801
713.018697,99.94985962,2525,91.94892068,0.0282655,7.850479313,0.172334504,0.200600004
713.5192005,99.94918823,2539,91.93337098,0.028278673,7.865925917,0.172424427,0.2007031
714.0197275,99.94869995,2539,91.91787149,0.028294091,7.881308995,0.172525429,0.20081952
714.5203018,99.94854736,2557,91.90234061,0.028288992,7.896706142,0.172664253,0.200953245
715.0214024,99.94903564,2561,91.88684111,0.028139297,7.912068654,0.172950935,0.201090232
715.5235982,99.94885254,2575,91.87114081,0.028062739,7.927640776,0.173155672,0.201218411
716.0258652,99.94815063,2603,91.85549071,0.028013016,7.943161758,0.173334512,0.201347528
716.5276067,99.9475708,2599,91.83973394,0.028000129,7.958807722,0.173458213,0.201458342
717.0290349,99.94683838,2546,91.82417169,0.028039134,7.974251731,0.173537448,0.201576582
717.5295974,99.94720459,2551,91.80859061,0.028015639,7.989732575,0.173661173,0.201676812
718.0315367,99.94616699,2528,91.79296561,0.028054574,8.005257238,0.173722576,0.20177715
718.5339294,99.94573975,2534,91.77731551,0.028116442,8.020785869,0.173782177,0.201898619
719.0355694,99.94561768,2506,91.76170934,0.028180747,8.036268775,0.173841141,0.202021888
719.5364477,99.9453125,2487,91.74618474,0.028231949,8.051666159,0.173917153,0.202149102
720.0375529,99.94543457,2487,91.73060366,0.028281813,8.067133969,0.173980554,0.202262367
720.5393827,99.94464111,2491,91.71480924,0.028331689,8.082816872,0.174042202,0.202373891
721.0410507,99.94451904,2506,91.69914659,0.028305896,8.098388369,0.174159149,0.202465045
721.5430637,99.9440918,2505,91.68335843,0.028300427,8.114095401,0.174245738,0.202546165
722.0442169,99.94436646,2516,91.66777108,0.028305265,8.129578884,0.174344767,0.202650032
722.5461901,99.94451904,2535,91.65213981,0.028335201,8.145116651,0.174408339,0.20274354
723.0477022,99.94430542,2519,91.63640186,0.028389296,8.160761521,0.174447325,0.202836621
723.5493885,99.94476318,2518,91.62080823,0.028388533,8.176247161,0.174556073,0.202944606
724.0501949,99.94512939,2512,91.60503263,0.028350254,8.191923603,0.174693513,0.203043767
724.5508751,99.94393921,2467,91.58914408,0.028384136,8.207743786,0.174728001,0.203112137
725.0526448,99.9437561,2433,91.57342495,0.028420714,8.223361868,0.174792468,0.203213182
725.5534975,99.94390869,2435,91.5575866,0.02846634,8.239109897,0.174837166,0.203303506
726.0535431,99.94598389,2428,91.54196787,0.028458457,8.254622255,0.174951417,0.203409874
726.5550398,99.94680786,2436,91.52618599,0.02840021,8.270293479,0.175120318,0.203520528
727.0562832,99.94708252,2430,91.51044804,0.028395172,8.285935747,0.175221038,0.20361621
727.5579704,99.94732666,2412,91.49474147,0.02837897,8.301547388,0.175332176,0.203711146
728.0590035,99.94805908,2425,91.47900351,0.028385496,8.317191992,0.175418998,0.203804494
728.5612472,99.94906616,2416,91.46330949,0.028253204,8.332786303,0.175651005,0.203904209
729.0623551,99.95016479,2416,91.44767821,0.027970316,8.348316913,0.176034558,0.204004874
729.5633098,99.95074463,2411,91.43196536,0.027699344,8.363918752,0.176416543,0.204115887
730.0639036,99.95092773,2413,91.41620231,0.027576018,8.379567339,0.176654335,0.204230353
730.5640912,99.95101929,2417,91.40037651,0.027460912,8.395274623,0.17688796,0.204348872
731.0654702,99.95095825,2418,91.38458835,0.027420237,8.410964822,0.177026588,0.204446825
731.5661967,99.95135498,2404,91.3689006,0.027308171,8.426547033,0.177244194,0.204552365
732.0681143,99.9520874,2407,91.35318148,0.027075551,8.44218359,0.177559383,0.204634934
732.5681776,99.95202637,2417,91.3374749,0.027023132,8.457793626,0.177708343,0.204731475
733.0693651,99.95129395,2413,91.32168675,0.027058046,8.473496847,0.17775836,0.204816406
733.5705401,99.95074463,2393,91.30576054,0.027132906,8.489328288,0.177778264,0.20491117
734.0719914,99.95031738,2349,91.28983434,0.027204282,8.505163789,0.177797592,0.205001874
734.5729161,99.95025635,2337,91.27399598,0.027292103,8.520901759,0.177810154,0.205102257
735.0729734,99.95080566,2303,91.25824548,0.027385234,8.53655223,0.177817054,0.205202288
735.5731834,99.95028687,2280,91.24244478,0.02747861,8.552251137,0.177825474,0.205304084
736.0741083,99.95040894,2250,91.22656878,0.027567904,8.568030162,0.177833159,0.205401063
736.5757295,99.95095825,2241,91.21089357,0.027637785,8.583614414,0.177854227,0.205492012
737.0762978,99.95147705,2221,91.19510542,0.027613481,8.599304162,0.177976935,0.205590416
737.5768652,99.95196533,2248,91.17932982,0.027531874,8.614998857,0.17813945,0.205671324
738.078873,99.95291138,2240,91.16354167,0.027356692,8.630700463,0.178401178,0.20575787
738.581436,99.95236206,2244,91.14764684,0.0272337,8.646517702,0.178601761,0.205835461
739.0821563,99.95117188,2252,91.13175201,0.027215711,8.662344961,0.17868732,0.205903031
739.5842428,99.95074463,2261,91.11583208,0.027186162,8.678197519,0.178784241,0.205970403
740.0851211,99.95126343,2290,91.10011295,0.027091778,8.693840499,0.178954772,0.20604655
740.5858608,99.95028687,2306,91.08426205,0.027021207,8.709620317,0.179096427,0.206117634
741.0871234,99.94946289,2317,91.06848017,0.026932835,8.725323762,0.179263232,0.206196067
741.5876791,99.9487915,2335,91.05267947,0.026875722,8.741044237,0.179400573,0.206276295
742.0894974,99.94888306,2377,91.03681601,0.026759387,8.75683212,0.179592479,0.206351866
742.5895747,99.94833374,2392,91.02097766,0.026665353,8.77262409,0.179732896,0.206398249
743.0911467,99.94790649,2388,91.00520206,0.026593575,8.788337107,0.17986726,0.206460835
743.5914904,99.94799805,2413,90.98942018,0.026512171,8.804041906,0.180025743,0.206537914
744.0931549,99.94830322,2443,90.97360693,0.026415544,8.819779858,0.180197671,0.206613215
744.5943037,99.94747925,2453,90.95764307,0.026371207,8.835698041,0.180287679,0.206658886
745.0956736,99.9475708,2470,90.94178589,0.026315249,8.8514763,0.180422557,0.206737806
745.5957471,99.94729614,2466,90.92597264,0.02628938,8.867208415,0.180529565,0.206818945
746.0972444,99.94689941,2481,90.90994603,0.026259432,8.883155339,0.180639195,0.206898627
746.5981978,99.94631958,2476,90.8939508,0.026264381,8.899066888,0.180717928,0.206982309
747.0984463,99.9460144,2478,90.87811245,0.026296761,8.914817856,0.180772933,0.207069694
747.6006574,99.94641113,2488,90.86214859,0.026307188,8.930680345,0.180863873,0.207171061
748.1016412,99.94656372,2504,90.84622239,0.026258188,8.946501442,0.181017981,0.207276169
748.6026948,99.94735718,2506,90.83040286,0.026146805,8.96221357,0.181236763,0.207383568
749.1048026,99.94766235,2501,90.81439508,0.025990969,8.978127617,0.181486334,0.207477303
749.6055269,99.9480896,2495,90.7984124,0.025900603,8.994017118,0.18166988,0.207570483
750.1069973,99.94790649,2509,90.78242344,0.02586923,9.009921075,0.181786251,0.207655481
750.6073091,99.94818115,2512,90.76657254,0.025808354,9.025674261,0.181944845,0.207753199
751.1096936,99.94790649,2511,90.75054593,0.02571216,9.041610733,0.182131174,0.207843334
751.609739,99.94750977,2524,90.7346511,0.025710799,9.057410112,0.182227984,0.207938783
752.1108237,99.94708252,2536,90.71875,0.025743115,9.07321903,0.182287855,0.20803097
752.6124979,99.94662476,2541,90.70276104,0.025792556,9.089111898,0.182334502,0.208127058
753.1129493,99.94622803,2523,90.68670934,0.025867845,9.105066819,0.182355999,0.208223844
753.6142222,99.9460144,2505,90.67069528,0.02594511,9.120986942,0.182372667,0.208317777
754.1144287,99.94604492,2526,90.65470005,0.026011036,9.136886404,0.18240251,0.208413546
754.6163022,99.9458313,2520,90.63860442,0.026086505,9.152884101,0.182424976,0.208511481
755.1171059,99.94567871,2553,90.62246486,0.026149422,9.168926536,0.182459182,0.208608604
755.6183292,99.94577026,2544,90.60646335,0.026199647,9.184831661,0.182505339,0.208704986
756.1192284,99.94665527,2560,90.5904242,0.02623909,9.20076127,0.182575443,0.208814533
756.6212723,99.94616699,2552,90.57437249,0.026271927,9.216702497,0.182653085,0.208925012
757.1218604,99.94628906,2565,90.55832078,0.026225602,9.232652157,0.182801457,0.209027059
757.6236281,99.94567871,2555,90.54219378,0.026243763,9.248690459,0.182872003,0.209115766
758.1248809,99.94552612,2528,90.52616717,0.026232898,9.264616572,0.182983362,0.20921626
758.6251887,99.94522095,2528,90.51013429,0.026229426,9.280556825,0.183079461,0.209308887
759.1264515,99.94454956,2515,90.49396335,0.026246251,9.296663785,0.18312661,0.209372861
759.6269258,99.94488525,2520,90.4779995,0.026241517,9.312531887,0.183227098,0.209468615
760.1290659,99.94558716,2535,90.46194779,0.026203018,9.328488368,0.183360824,0.209563842
760.6292283,99.94674683,2523,90.44598394,0.026051202,9.344356724,0.183608139,0.209659341
761.1319946,99.94683838,2505,90.42991968,0.025978946,9.360338246,0.183763129,0.209742075
761.6345145,99.94692993,2489,90.41381777,0.025866359,9.376350786,0.183965084,0.209831443
762.1350477,99.94622803,2476,90.39774096,0.025803106,9.392359547,0.184096383,0.209899489
762.6352125,99.94607544,2469,90.38173318,0.025728439,9.40827361,0.184264769,0.209993208
763.1353833,99.94528198,2470,90.36573168,0.025733635,9.424191493,0.184343196,0.210076831
763.6366913,99.94546509,2464,90.34964232,0.025724033,9.440186558,0.18444709,0.210171123
764.1388281,99.9460144,2480,90.33357179,0.025709552,9.456162921,0.18455574,0.210265292
764.6390259,99.94699097,2476,90.31743223,0.025656391,9.472216031,0.184695349,0.21035174
765.1415879,99.94772339,2494,90.30134915,0.025593109,9.488204158,0.184853587,0.210446696
765.6424134,99.94750977,2494,90.28507781,0.025575385,9.504384506,0.184962298,0.210537683
766.1432172,99.94735718,2439,90.26886923,0.025617786,9.520497669,0.185015318,0.210633104
766.6452476,99.94775391,2396,90.25268574,0.025676154,9.53659288,0.185045222,0.210721376
767.1453254,99.94827271,2379,90.23657129,0.025734744,9.552620093,0.185073877,0.210808621
767.6476141,99.94854736,2341,90.22046938,0.025788401,9.568645695,0.185096526,0.210884927
768.1484694,99.94851685,2321,90.20441767,0.025837487,9.584618448,0.185126394,0.210963881
768.6494545,99.94848633,2359,90.18833459,0.025886615,9.600619531,0.185159265,0.21104588
769.1494873,99.94827271,2394,90.17213228,0.025913566,9.616750939,0.185203215,0.211116781
769.6503072,99.9487915,2398,90.15606175,0.025849434,9.63273081,0.185358009,0.211207443
770.1512852,99.9486084,2407,90.13987199,0.025793068,9.648833576,0.185501368,0.211294436
770.6522203,99.94857788,2414,90.1237136,0.025681392,9.664903003,0.185702,0.211383392
771.1525468,99.94830322,2415,90.10753012,0.025615769,9.68100331,0.185850801,0.21146657
771.6535605,99.94821167,2418,90.09131526,0.025604446,9.697143431,0.185936863,0.211541309
772.1537293,99.94787598,2431,90.07511923,0.025595758,9.713265694,0.186019321,0.211615079
772.6542243,99.94735718,2420,90.05908007,0.025615836,9.729227904,0.18607619,0.211692026
773.1565328,99.94766235,2408,90.04291541,0.025625056,9.745299659,0.186159874,0.21178493
773.6588111,99.94857788,2383,90.02671938,0.025588695,9.761406515,0.186285413,0.211874108
774.1592189,99.94985962,2370,90.0106363,0.025555192,9.777400638,0.186407875,0.211963067
774.6609379,99.94937134,2347,89.99433986,0.02559108,9.79361721,0.18645185,0.21204293
775.1622948,99.94842529,2349,89.97806225,0.02565172,9.809819265,0.186466765,0.212118485
775.6643436,99.94821167,2365,89.96192269,0.025711421,9.825878251,0.186487638,0.212199059
776.1654881,99.94869995,2396,89.94578313,0.025757651,9.841927273,0.186531943,0.212289594
776.6672853,99.94854736,2432,89.92961847,0.025767928,9.85799123,0.186622368,0.212390296
777.1674193,99.94741821,2420,89.91338479,0.025799548,9.874134012,0.186681651,0.212481199
777.6683718,99.94708252,2422,89.89711345,0.025821349,9.890304299,0.186760899,0.212582248
778.1687343,99.94750977,2453,89.88098645,0.025713063,9.906332931,0.18696756,0.212680623
778.6697712,99.94766235,2467,89.86481551,0.025555251,9.922419288,0.187209948,0.212765199
779.1713336,99.94662476,2477,89.84863203,0.025513801,9.938512923,0.187341247,0.212855048
779.6713933,99.94558716,2451,89.83242972,0.025532665,9.954630137,0.187407479,0.212940144
780.1727207,99.94519043,2424,89.81619603,0.025566988,9.970777337,0.187459641,0.213026629
780.6738875,99.94451904,2416,89.80000628,0.025624953,9.986887548,0.187481224,0.213106177
781.1749179,99.94491577,2451,89.78384789,0.025664529,10.00296427,0.187523311,0.21318784
781.6758131,99.94488525,2461,89.76761421,0.025691736,10.01912819,0.187565864,0.2132576
782.1788301,99.94509888,2490,89.75132405,0.02572623,10.03534171,0.187608013,0.213334243
782.6798157,99.94503784,2500,89.73503389,0.025715,10.05156037,0.187690741,0.213405741
783.1819336,99.94488525,2509,89.71871235,0.025692395,10.0678006,0.18779466,0.213487055
783.6826499,99.94604492,2539,89.70247239,0.025675116,10.08395824,0.187894253,0.213569369
784.1852021,99.94741821,2556,89.68622615,0.025597124,10.10010419,0.188072529,0.213669653
784.6855845,99.94732666,2553,89.66991717,0.02553957,10.11633777,0.188205495,0.213745065
785.1857205,99.94885254,2580,89.65373996,0.025291691,10.1324074,0.188560945,0.213852636
785.6858293,99.94921875,2610,89.63753138,0.024983712,10.14852283,0.188962086,0.213945798
786.1877159,99.94869995,2601,89.62122239,0.024808729,10.16475764,0.189211239,0.214019968
786.6883418,99.94766235,2557,89.60486948,0.024804461,10.18103941,0.189286651,0.214091112
787.1891413,99.94720459,2537,89.58853539,0.02483492,10.19729067,0.189339021,0.214173941
787.6899141,99.94717407,2524,89.57227033,0.02487006,10.21346545,0.189394161,0.214264221
788.189948,99.94805908,2525,89.55599272,0.024854724,10.22964852,0.189504037,0.214358761
788.6920484,99.9487915,2536,89.53980924,0.024845733,10.24573998,0.189605051,0.214450784
789.193979,99.94973755,2564,89.52348143,0.024738172,10.26196132,0.189819079,0.214557251
789.6951993,99.94946289,2593,89.50707831,0.024622434,10.27826915,0.190030103,0.214652537
790.1965998,99.94995117,2623,89.49078815,0.024360816,10.29445448,0.190396547,0.214757363
790.6987325,99.94976807,2628,89.47445407,0.024188894,10.31069254,0.190664501,0.214853395
791.1995077,99.94891357,2595,89.45814508,0.024075538,10.32690786,0.190871518,0.214947056
791.7018726,99.94726563,2552,89.44170432,0.024057443,10.34326962,0.190968623,0.215026066
792.2045354,99.94659424,2503,89.42535141,0.024026148,10.35952331,0.191099138,0.215125286
792.7060507,99.94616699,2484,89.40900477,0.024022972,10.37575718,0.19121508,0.215238052
793.2081721,99.94638062,2466,89.39262676,0.02403865,10.39202246,0.191312136,0.215350786
793.7097482,99.9465332,2461,89.37630522,0.024057635,10.40822988,0.191407267,0.215464902
794.209753,99.94622803,2433,89.35993976,0.024102826,10.4244826,0.19147481,0.215577636
794.710047,99.94558716,2398,89.3434739,0.024162424,10.44084107,0.191522609,0.215685033
795.2109399,99.94671631,2414,89.32707078,0.024130166,10.45712233,0.191676717,0.215806883
795.712712,99.94778442,2406,89.3107618,0.023976659,10.47330869,0.191952858,0.215929517
796.2137803,99.94787598,2396,89.29447164,0.02391687,10.4894938,0.19211769,0.21603456
796.7141107,99.94732666,2394,89.27803715,0.023965276,10.50581337,0.192184203,0.216149479
797.215228,99.94647217,2372,89.26161521,0.024034195,10.52212217,0.192228423,0.216262618
797.7158355,99.94717407,2384,89.24524975,0.024026762,10.53834796,0.192375532,0.216402294
798.2160683,99.94680786,2382,89.22892821,0.02403061,10.55453253,0.192508645,0.216539255
798.7168383,99.94680786,2377,89.21245607,0.024046868,10.57087444,0.192622614,0.216669482
799.2176634,99.94671631,2352,89.19607806,0.024084807,10.58712318,0.192713947,0.216798754
799.7177169,99.9465332,2356,89.17970005,0.024143008,10.60337306,0.19278388,0.216926888
800.218984,99.94662476,2353,89.16345382,0.024180056,10.61950407,0.192862061,0.217042117
800.7199501,99.94711304,2368,89.14705698,0.024187643,10.6357668,0.19298858,0.217176223
801.2210218,99.94641113,2353,89.13060994,0.024237316,10.6520997,0.193053047,0.217290363
801.7218354,99.94616699,2318,89.11417545,0.024323611,10.6684192,0.193081739,0.21740535
802.2226955,99.94641113,2277,89.09766566,0.02442928,10.68480427,0.193100784,0.217530064
802.7236784,99.94702148,2247,89.08125,0.024504341,10.70109532,0.193150336,0.217654677
803.2246802,99.94812012,2212,89.06489081,0.024553195,10.71732604,0.193229951,0.217783146
803.7263577,99.94805908,2219,89.04859438,0.02460105,10.73349702,0.193307556,0.217908606
804.2282037,99.94827271,2235,89.03215361,0.024586631,10.74980711,0.193452644,0.218039275
804.7307642,99.94821167,2254,89.01566265,0.024573836,10.7661731,0.193590414,0.21816425
805.231858,99.94775391,2277,88.99924699,0.024586782,10.78246983,0.193696404,0.218283186
805.73237,99.94696045,2302,88.98285643,0.02465285,10.79874553,0.193745196,0.218398046
806.2324884,99.94586182,2310,88.96639056,0.024748567,10.8150749,0.193785972,0.218534539
806.7338685,99.94482422,2320,88.94991215,0.024848031,10.83140802,0.193831797,0.218679828
807.2350878,99.94506836,2313,88.93342746,0.024864543,10.84774534,0.193962655,0.218827198
807.7375585,99.94491577,2341,88.9169365,0.02488212,10.86409295,0.194088439,0.218970559
808.2381878,99.94512939,2346,88.90050201,0.024838942,10.88037073,0.194288323,0.219127265
808.7404553,99.94506836,2361,88.88397339,0.024837636,10.89674674,0.194442234,0.21927987
809.2416786,99.94451904,2383,88.86742595,0.024815602,10.91315118,0.194607262,0.219422864
809.7433817,99.94421387,2368,88.85092871,0.024878192,10.92951428,0.194678813,0.219557005
810.2450732,99.94418335,2377,88.8344503,0.024968931,10.94586502,0.194715753,0.219684684
810.7474296,99.9440918,2390,88.81795934,0.025040281,10.96223907,0.194761308,0.219801589
811.2482297,99.9440918,2399,88.80149347,0.025074774,10.97859627,0.194835482,0.219910256
811.7502503,99.94424438,2407,88.78493976,0.025131955,10.9950435,0.194884788,0.220016743
812.250702,99.94458008,2413,88.7684739,0.02516692,11.01140972,0.194949463,0.220116383
812.7511163,99.94451904,2453,88.75200176,0.025154316,11.02777624,0.195067685,0.220222001
813.2517658,99.94467163,2474,88.73553589,0.025083119,11.04414037,0.195240618,0.220323737
813.7527174,99.94497681,2504,88.7190512,0.025061663,11.06051715,0.195369981,0.220431644
814.2529745,99.9440918,2517,88.70256024,0.025113462,11.0769111,0.195415193,0.220528655
814.7538797,99.94390869,2510,88.68624498,0.025155045,11.09312573,0.195474243,0.220629288
815.2559526,99.9440918,2542,88.66974147,0.025208008,11.10951433,0.195536198,0.220744206
815.7571181,99.94396973,2570,88.65321285,0.025227547,11.12593862,0.195620985,0.220848532
816.2571835,99.94381714,2587,88.63680346,0.025228315,11.14224959,0.195718629,0.220946944
816.7584558,99.94308472,2576,88.62026857,0.025278946,11.15869159,0.195760888,0.221039834
817.2586312,99.94281006,2560,88.60379016,0.025345345,11.17507534,0.19578915,0.221134495
817.7612362,99.94329834,2555,88.587249,0.025367735,11.19151356,0.195869709,0.221237444
818.2623716,99.94473267,2571,88.57077686,0.02518404,11.20786974,0.196169358,0.221353398
818.7633201,99.94488525,2581,88.55425452,0.025040525,11.22429045,0.196414503,0.221455028
819.2640875,99.94476318,2595,88.5376757,0.024961539,11.2407751,0.196587657,0.221549196
819.7652096,99.94458008,2596,88.52124749,0.024898313,11.25708938,0.196764818,0.221663131
820.2668375,99.94396973,2556,88.50464357,0.02493333,11.27360549,0.196817605,0.221750935
820.7685162,99.9437561,2539,88.48810241,0.024990318,11.29003749,0.196869779,0.221860097
821.2695507,99.943573,2529,88.47163655,0.025040257,11.30640883,0.196914366,0.221954623
821.7696046,99.94393921,2532,88.45517068,0.025051924,11.32278607,0.196991322,0.222043246
822.270588,99.94433594,2539,88.43871109,0.025008311,11.33915773,0.197122866,0.222131177
822.7706961,99.94403076,2515,88.4221762,0.024959011,11.35560313,0.197261654,0.222220665
823.2713552,99.94448853,2526,88.40567897,0.024898947,11.3720105,0.197411582,0.222310529
823.7726721,99.94390869,2537,88.38904367,0.024858826,11.38857005,0.197527451,0.222386277
824.2747008,99.94381714,2525,88.37252134,0.024786826,11.40501469,0.197677147,0.222463973
824.7759859,99.94363403,2514,88.3559739,0.024719134,11.4214948,0.197812172,0.222531306
825.277805,99.94308472,2501,88.33947038,0.024605841,11.43791484,0.198008943,0.222614784
825.7788753,99.94338989,2506,88.32296687,0.024407798,11.45432471,0.198300624,0.222708422
826.2791885,99.94284058,2492,88.3064508,0.024292058,11.47075674,0.198500398,0.222792456
826.7808238,99.94174194,2448,88.28981551,0.024271604,11.48732744,0.198585443,0.222857047
827.2821845,99.94158936,2443,88.27323042,0.024281313,11.50382997,0.198658293,0.222939606
827.7845035,99.94213867,2431,88.25663278,0.02428966,11.52034191,0.198735653,0.223025313
828.2862233,99.9425354,2414,88.24010417,0.02426754,11.53677121,0.198857086,0.223124626
828.7866551,99.94229126,2388,88.22345633,0.024271499,11.55333869,0.19893349,0.223204989
829.2888652,99.94180298,2413,88.20686496,0.024344905,11.56984449,0.198945648,0.223290553
829.788976,99.94354248,2433,88.19031752,0.024368301,11.58628938,0.199024798,0.223393099
830.2900253,99.94424438,2426,88.17364458,0.024357234,11.60286892,0.199129269,0.223486503
830.7906049,99.94442749,2452,88.15707831,0.02433899,11.61934555,0.199237146,0.223576136
831.292375,99.94482422,2468,88.14048695,0.024314811,11.63585284,0.199345404,0.223660215
831.7928844,99.94491577,2480,88.12388931,0.024320743,11.65235875,0.199431196,0.223751939
832.2949558,99.94567871,2520,88.10726029,0.024352246,11.66890102,0.199486447,0.223838693
832.7960365,99.94552612,2537,88.09061245,0.024384297,11.68546463,0.199538621,0.223922918
833.2975531,99.94662476,2528,88.07407129,0.024374316,11.7019091,0.199645297,0.224019613
833.7986619,99.94647217,2533,88.05746109,0.024370066,11.71844693,0.19972191,0.224091976
834.2994408,99.9465332,2522,88.04086973,0.024397508,11.7349695,0.199763262,0.22416077
834.8000862,99.94692993,2531,88.02417796,0.024408247,11.75158929,0.199824506,0.224232753
835.3015235,99.94720459,2553,88.00755522,0.024383611,11.76812809,0.199933082,0.224316693
835.8025757,99.94720459,2544,87.99094503,0.024331115,11.78464953,0.200074321,0.224405436
836.3035819,99.9475708,2524,87.97425954,0.024289127,11.80124829,0.200203046,0.224492173
836.8038658,99.94769287,2537,87.95764307,0.024196219,11.81776708,0.200393628,0.224589847
837.3046396,99.94766235,2532,87.94098896,0.024096949,11.83433096,0.200583131,0.22468008
837.8049121,99.9468689,2511,87.92430974,0.024138427,11.8509383,0.200613538,0.224751965
838.3052213,99.94723511,2515,87.90773092,0.024127951,11.86740798,0.200733145,0.224861096
838.8058925,99.94699097,2496,87.89102661,0.024158754,11.88401338,0.200801264,0.224960018
839.3060134,99.9468689,2471,87.87432856,0.024224524,11.90060455,0.200842359,0.225066883
839.8066375,99.94680786,2436,87.85781878,0.024294434,11.91700068,0.200886113,0.225180547
840.3087753,99.94656372,2443,87.84105171,0.024384061,11.93366611,0.200898124,0.225282185
840.8111516,99.94711304,2440,87.82442269,0.024451735,11.95019192,0.200933654,0.225385389
841.3126425,99.94741821,2438,87.80785643,0.024492814,11.966664,0.20098676,0.225479574
841.8137911,99.94692993,2420,87.79132154,0.024524854,11.98310008,0.201053531,0.225578385
842.3155999,99.94692993,2441,87.7747239,0.024539094,11.99959256,0.201144446,0.22568354
842.8157488,99.94668579,2448,87.75800703,0.024556237,12.01621034,0.20122639,0.225782627
843.3180554,99.94671631,2489,87.74127134,0.024634711,12.03284176,0.201252189,0.2258869
843.818457,99.94711304,2524,87.72468624,0.024677267,12.04932026,0.201316227,0.225993494
844.320178,99.94680786,2541,87.70793173,0.024735171,12.06596762,0.201365484,0.226100655
844.8216461,99.94662476,2545,87.69113956,0.024790679,12.08264953,0.201420232,0.226210911
845.3244302,99.94677734,2559,87.67435366,0.024867806,12.09932452,0.201454009,0.226321815
845.8258007,99.94729614,2543,87.65760542,0.024935901,12.115959,0.201499675,0.226435576
846.3265112,99.94763184,2551,87.64098268,0.025023498,12.13246357,0.201530254,0.226553752
846.8276485,99.94830322,2566,87.62427209,0.025098467,12.14904194,0.201587502,0.226685969
847.3297706,99.94882202,2598,87.60752385,0.025156675,12.16565896,0.201660524,0.226817199
847.8301956,99.94906616,2597,87.59086973,0.025224361,12.1821857,0.201720211,0.226944572
848.3314068,99.94976807,2585,87.57419679,0.025260383,12.19873954,0.201803295,0.227063678
848.8323003,99.94970703,2584,87.55751757,0.025310705,12.21530124,0.201870482,0.227181187
849.333705,99.95013428,2586,87.54081325,0.025384315,12.23188747,0.20191496,0.227299275
849.8347983,99.95059204,2578,87.52414659,0.02548617,12.24843624,0.201931003,0.227417173
850.335561,99.95159912,2595,87.50754895,0.025577245,12.26490919,0.201964621,0.227541866
850.8357354,99.95129395,2593,87.49076933,0.025650072,12.28158159,0.201999012,0.227649084
851.3372452,99.95129395,2593,87.47400853,0.025659074,12.29822847,0.202103924,0.227762998
851.8387453,99.95199585,2592,87.45739207,0.025569873,12.31472807,0.202309985,0.227879858
852.3400377,99.95175171,2622,87.44073795,0.025449089,12.33126279,0.202550166,0.227999255
852.8417646,99.95083618,2601,87.42393951,0.025395103,12.34796368,0.202701713,0.228096816
853.342375,99.95089722,2599,87.40739207,0.025282202,12.36442656,0.20289917,0.228181372
853.8432221,99.95025635,2618,87.39071285,0.025234648,12.38103083,0.203021669,0.228256317
854.3438175,99.9493103,2590,87.37393323,0.025227155,12.39774954,0.20309007,0.228317225
854.845645,99.94940186,2593,87.35729167,0.025189797,12.41432105,0.203197482,0.228387279
855.3465065,99.94885254,2598,87.3405497,0.025166636,12.43099653,0.203287135,0.228453771
855.8488357,99.94897461,2610,87.32386421,0.025161948,12.44761208,0.203361762,0.22852371
856.3497952,99.94915771,2618,87.30726029,0.02512752,12.4641465,0.203465694,0.228593214
856.8505013,99.94970703,2587,87.29061245,0.025005871,12.48072687,0.203654805,0.228660676
857.3510593,99.94940186,2549,87.27394578,0.02496359,12.49734549,0.203745132,0.228708722
857.8519155,99.94906616,2503,87.25735442,0.024959578,12.51389756,0.203788445,0.228748023
858.3519241,99.95028687,2499,87.24081953,0.024912633,12.53036652,0.203901323,0.228813956
858.8530599,99.95007324,2481,87.22425954,0.024895667,12.54687242,0.203972371,0.228868038
859.3538011,99.95016479,2464,87.20756777,0.024897932,12.56350405,0.204030245,0.228928177
859.8546408,99.94952393,2461,87.1909011,0.024901236,12.58012914,0.20406852,0.228969756
860.355166,99.94943237,2466,87.17427209,0.024925145,12.59669766,0.204105105,0.22903025
860.8552246,99.94998169,2455,87.15764307,0.024940693,12.61326282,0.204153418,0.229094111
861.3562428,99.95065308,2441,87.14093248,0.024981003,12.62991307,0.204173444,0.229154447
861.8568801,99.95083618,2419,87.12429719,0.024993517,12.64648837,0.204220924,0.229214441
862.3577631,99.95126343,2430,87.1078627,0.024964226,12.66287073,0.204302341,0.229266567
862.8584271,99.95181274,2436,87.09134036,0.024904807,12.67933478,0.204420048,0.229324855
863.361143,99.95166016,2433,87.07462349,0.024870055,12.69597778,0.204528674,0.229398729
863.8621397,99.95291138,2419,87.05795683,0.024713994,12.71255967,0.204769505,0.229483499
864.3650414,99.95324707,2443,87.04123996,0.024675225,12.72919904,0.204885778,0.229561003
864.8670899,99.95245361,2422,87.02451054,0.024640991,12.74584519,0.205003277,0.229644268
865.3680513,99.95175171,2404,87.00774347,0.024661368,12.76252504,0.205070122,0.22973149
865.8700363,99.9510498,2380,86.99105171,0.024688589,12.77912402,0.205135679,0.229824268
866.3702282,99.95046997,2355,86.97433484,0.024698757,12.79574687,0.205219535,0.229918292
866.8721033,99.94909668,2334,86.9575866,0.024753258,12.81240202,0.20525813,0.230011388
867.3749277,99.94873047,2320,86.94086345,0.024792015,12.82902316,0.205321371,0.230113386
867.8766385,99.94876099,2298,86.92413404,0.024815386,12.845643,0.20540758,0.230222966
868.3782404,99.94888306,2293,86.90741717,0.024841229,12.8622534,0.2054882,0.230329429
868.8793363,99.94845581,2282,86.89063755,0.024864525,12.87891975,0.205578172,0.230442697
869.3802324,99.94802856,2249,86.87394578,0.024866375,12.89553434,0.205653498,0.230519873
869.8807347,99.94784546,2259,86.85715361,0.024886209,12.91226925,0.205690928,0.230577137
870.381619,99.94711304,2229,86.8404493,0.024923821,12.9288971,0.205729779,0.2306536
870.8835768,99.94671631,2225,86.82373243,0.024989103,12.94554869,0.205729779,0.230718882
871.383677,99.94720459,2218,86.80699674,0.025044989,12.96220435,0.205753924,0.230798913
871.8841063,99.94747925,2230,86.79026732,0.025047687,12.97887273,0.205812263,0.23085995
872.3848167,99.94781494,2224,86.77355673,0.025038778,12.99552909,0.205875406,0.230914184
872.8853464,99.94802856,2218,86.75685868,0.025061441,13.01218741,0.205892466,0.230953907
873.3856474,99.94799805,2217,86.74019202,0.025088918,13.02882226,0.205896805,0.230985723
873.8874951,99.94848633,2199,86.72333082,0.025104422,13.04563241,0.205932348,0.23103677
874.3879514,99.94976807,2206,86.70667043,0.025120811,13.06222579,0.205982965,0.231103776
874.8890014,99.949646,2212,86.68992846,0.025182205,13.07890494,0.205984387,0.231166592
875.3892082,99.94934082,2211,86.67312374,0.025252372,13.09563643,0.205987451,0.231239823
875.8893823,99.94937134,2197,86.6564006,0.025313879,13.11228971,0.205995809,0.231309688
876.3909055,99.94921875,2203,86.63957078,0.025361293,13.12905824,0.206009683,0.231370976
876.8917528,99.94882202,2219,86.62277861,0.025397681,13.14579046,0.206033239,0.23143092
877.3922242,99.94937134,2251,86.60605547,0.025388857,13.1624271,0.206128567,0.231517424
877.8924218,99.94885254,2276,86.58931978,0.025401349,13.17908623,0.206192642,0.231593991
878.3938015,99.94869995,2304,86.57259036,0.02543789,13.19572611,0.206245637,0.231683527
878.8946694,99.94772339,2324,86.55573544,0.025480951,13.21250155,0.206282062,0.231763013
879.394771,99.94720459,2323,86.53898092,0.025532852,13.22916891,0.20631731,0.231850162
879.8950752,99.94680786,2324,86.52225778,0.025596591,13.24580616,0.206339469,0.23193606
880.3968572,99.94702148,2339,86.50541541,0.025662176,13.26255196,0.206370453,0.232032629
880.8982841,99.94747925,2345,86.48872992,0.025655751,13.27915512,0.206459211,0.232114962
881.3995175,99.94729614,2353,86.47194403,0.025674261,13.29586308,0.206518628,0.232192889
881.9003823,99.9465332,2372,86.45510793,0.025721024,13.31263217,0.206538875,0.232259899
882.4017496,99.94580078,2366,86.43819026,0.025783959,13.32947144,0.206554342,0.232338301
882.9043296,99.9458313,2366,86.42127887,0.02586252,13.34629498,0.206563632,0.232426152
883.4059698,99.94641113,2386,86.40470005,0.025923411,13.36278374,0.206592802,0.232516213
883.9067932,99.94662476,2400,86.38793298,0.025980245,13.37947789,0.206608882,0.232589127
884.4080603,99.94671631,2401,86.37114709,0.026052397,13.39618033,0.206620182,0.232672579
884.9085634,99.94656372,2406,86.35429844,0.026134954,13.41294142,0.206625182,0.232760136
885.4101638,99.94692993,2414,86.33754393,0.026214318,13.42960442,0.20663734,0.232851658
885.9115689,99.9465332,2413,86.32075803,0.026285081,13.44631496,0.206641924,0.232927005
886.4135859,99.94613647,2435,86.30395959,0.026357646,13.46303226,0.206650503,0.233008149
886.9144831,99.9468689,2464,86.28717369,0.026379149,13.47971574,0.206731418,0.233110567
887.4155939,99.94708252,2476,86.27044428,0.026335285,13.49637474,0.206845693,0.233180978
887.9161578,99.94607544,2480,86.25367093,0.026366323,13.51307344,0.2068893,0.233255623
888.4168071,99.94476318,2455,86.23695407,0.026411251,13.52972783,0.206906851,0.233318102
888.9182214,99.94424438,2449,86.22008032,0.026475062,13.54653264,0.206911974,0.233387036
889.4188391,99.94378662,2446,86.2032756,0.026537142,13.56327339,0.206913862,0.233451004
889.9205688,99.94467163,2447,86.18652108,0.026599311,13.57993942,0.206940188,0.233539499
890.4224968,99.94558716,2459,86.16972264,0.026624699,13.59664962,0.207003037,0.233627736
890.9229511,99.94604492,2447,86.1529493,0.026622058,13.61336021,0.207068435,0.233690493
891.4257746,99.94735718,2482,86.1361383,0.026642468,13.63009645,0.207122778,0.233765246
891.9257807,99.9475708,2503,86.11935241,0.026641208,13.64682857,0.207177808,0.233819016
892.4260884,99.94897461,2497,86.10269202,0.02659674,13.66341053,0.207300712,0.233897452
892.9285003,99.94927979,2499,86.08593122,0.026535497,13.68012665,0.207406628,0.233942125
893.4315615,99.95046997,2486,86.06913906,0.026316913,13.69683154,0.207712491,0.234029404
893.9318973,99.95141602,2490,86.05254769,0.026064469,13.71335162,0.208036222,0.234100691
894.4335526,99.95074463,2461,86.03576807,0.026000661,13.73009386,0.208137408,0.234138069
894.934857,99.94989014,2431,86.01886295,0.025988255,13.74695672,0.20819207,0.234180325
895.4359871,99.94937134,2417,86.00198293,0.026048012,13.76377032,0.208198737,0.234246749
895.9368673,99.94830322,2369,85.98507154,0.026121104,13.78060816,0.208199203,0.234320307
896.438009,99.94766235,2369,85.96824799,0.026197977,13.79735336,0.208200674,0.234398651
896.9384244,99.94735718,2387,85.95146837,0.02626739,13.81406106,0.208203174,0.234470564
897.4384633,99.94747925,2370,85.9346762,0.02632818,13.83078975,0.20820587,0.23453405
897.9408103,99.94787598,2368,85.91790914,0.026377722,13.84749703,0.208216116,0.234593838
898.4429456,99.94763184,2341,85.90124247,0.026413607,13.86410332,0.208240604,0.234654211
898.9429949,99.94866943,2347,85.88451305,0.026414318,13.88076236,0.208310267,0.234724585
899.4443713,99.94836426,2317,85.86767068,0.026389451,13.89756001,0.208379857,0.234769308
899.9456185,99.94796753,2345,85.85094127,0.026400996,13.91424611,0.208411625,0.234812621
900.4472798,99.94744873,2352,85.83413655,0.026408313,13.93101484,0.208440304,0.234848617
900.9475169,99.94680786,2365,85.81736948,0.026412477,13.94774656,0.208471484,0.234883961
901.4475571,99.94613647,2364,85.80061496,0.026412146,13.96447327,0.208499623,0.234911769
901.9491514,99.94622803,2348,85.78381024,0.026374394,13.9812476,0.208567767,0.234942161
902.4496514,99.94586182,2347,85.76707455,0.026338202,13.9979597,0.208627552,0.234965754
902.9523395,99.94622803,2359,85.75023845,0.026301743,14.01476756,0.20869224,0.234993983
903.4534537,99.94732666,2388,85.73347766,0.026167824,14.03147125,0.208883263,0.235051087
903.9547066,99.94747925,2378,85.71665412,0.026067947,14.04827582,0.209002122,0.235070069
904.4550099,99.94717407,2403,85.6998243,0.026058721,14.0651077,0.209009279,0.235068
904.9553382,99.94735718,2400,85.68310743,0.026065741,14.08178213,0.209044699,0.23511044
905.4560374,99.94763184,2391,85.66628389,0.026052406,14.0985943,0.209069408,0.235121814
905.9561488,99.94900513,2374,85.64949172,0.025992679,14.1153291,0.209186502,0.235179181
906.4564539,99.94921875,2385,85.63299448,0.025992642,14.13179201,0.209220868,0.23521351
906.957402,99.94857788,2382,85.61630899,0.025987728,14.14846624,0.209237046,0.235224774
907.4574845,99.94815063,2375,85.59938504,0.025993338,14.16537029,0.209251336,0.235244674
907.9581626,99.94830322,2379,85.58253012,0.026008563,14.1821853,0.20927602,0.235284583
908.4593348,99.94918823,2386,85.56575678,0.025966231,14.1989218,0.209355194,0.235321425
908.9610869,99.95046997,2368,85.54896461,0.02591478,14.21565715,0.209463464,0.235378244
909.464089,99.95169067,2385,85.53212851,0.025763077,14.23242296,0.209685446,0.235448523
909.965862,99.95211792,2409,85.51543675,0.025468431,14.2490514,0.210043421,0.235511852
910.4671777,99.95269775,2444,85.4987387,0.025192717,14.26567865,0.210389924,0.235582641
910.9682468,99.95150757,2453,85.48185241,0.025129537,14.28254864,0.210469417,0.235598954
911.4690456,99.95031738,2468,85.46523594,0.025141349,14.2991314,0.210491306,0.235632655
911.9705608,99.94992065,2497,85.44843122,0.025117595,14.3158543,0.21059688,0.235714475
912.4720565,99.949646,2496,85.43167671,0.02511373,14.33257417,0.210635388,0.235749118
912.97375,99.94946289,2488,85.41485944,0.025121203,14.34935436,0.210664999,0.235786202
913.4742851,99.94989014,2436,85.39799824,0.025107147,14.36617845,0.210716156,0.235823303
913.975496,99.95046997,2451,85.3811747,0.025098968,14.3829589,0.210767435,0.235866403
914.4779306,99.95135498,2446,85.36440763,0.025017526,14.39966891,0.210905928,0.235923454
914.9784557,99.95147705,2442,85.34751506,0.024957861,14.41655389,0.21097319,0.235931051
915.4786085,99.95074463,2452,85.33068524,0.024935248,14.43336149,0.211018022,0.23595327
915.9787708,99.95080566,2491,85.31400602,0.02487846,14.45000327,0.211112247,0.235990707
916.4793019,99.95025635,2498,85.29725151,0.024889455,14.46673101,0.211128033,0.236017488
916.9823479,99.95019531,2481,85.28038404,0.024924648,14.48354027,0.21115105,0.236075698
917.4826344,99.95016479,2500,85.26347892,0.024967376,14.50039756,0.211156148,0.236123524
917.9839397,99.95031738,2493,85.2465989,0.025011318,14.51722653,0.211163257,0.236174575
918.485099,99.95144653,2472,85.229813,0.025041566,14.53394639,0.211199044,0.23624061
918.9861193,99.9513855,2474,85.21300201,0.025066457,14.55071876,0.211212771,0.236279228
919.487866,99.95159912,2472,85.19604041,0.025104596,14.56764048,0.211214511,0.236319107
919.9893782,99.95178223,2467,85.17919177,0.025142026,14.58443709,0.211229121,0.236371147
920.4894745,99.95092773,2482,85.16246235,0.025216208,14.60108904,0.211232405,0.236448613
920.9915285,99.95245361,2505,85.14563881,0.025293594,14.61781551,0.211252088,0.236545682
921.4917393,99.95431519,2512,85.12891566,0.025269241,14.63444334,0.211371757,0.236640998
921.9919882,99.95440674,2513,85.11217369,0.025198262,14.6511236,0.211504441,0.236702703
922.4931621,99.95385742,2495,85.09530622,0.025075614,14.66796704,0.211651121,0.236726735
922.9950218,99.95324707,2481,85.07855171,0.025016524,14.6846623,0.211769466,0.23678599
923.4959733,99.95330811,2453,85.06179719,0.025038879,14.70132637,0.21183756,0.236876439
923.9959905,99.95309448,2452,85.04499247,0.025043288,14.71804496,0.211919284,0.236962572
924.4973808,99.95205688,2431,85.0280497,0.025059364,14.73493592,0.211955022,0.237014386
924.9977997,99.95132446,2425,85.01115713,0.025095404,14.75178727,0.211960194,0.237055598
925.4992411,99.95059204,2373,84.99433986,0.025171668,14.7685271,0.211961371,0.237133039
926.0001372,99.95114136,2399,84.97761044,0.025262183,14.78515956,0.211967818,0.237230001
926.5002433,99.95184326,2398,84.96079317,0.025284913,14.80186946,0.212052458,0.237337371
927.0012514,99.95288086,2398,84.94394453,0.025174822,14.81861668,0.212263973,0.237438795
927.5026405,99.95230103,2408,84.92713353,0.02504879,14.8353818,0.212435876,0.237484666
928.0045944,99.95257568,2428,84.91034137,0.024964157,14.85209525,0.212599225,0.237563382
928.5054801,99.95220947,2442,84.89351155,0.024915338,14.86888682,0.212686292,0.23760163
929.0068612,99.95159912,2465,84.8767884,0.024919619,14.88554536,0.212746616,0.237666235
929.5088032,99.95053101,2430,84.85982681,0.02497148,14.90245115,0.212750563,0.237722043
930.0091471,99.95016479,2411,84.84317269,0.025011723,14.9190422,0.212773384,0.237785107
930.511045,99.94958496,2390,84.82634287,0.025047789,14.93582365,0.212785689,0.237833478
931.0127439,99.95010376,2388,84.80958835,0.025025422,14.95253247,0.212853759,0.237879181
931.514041,99.95040894,2397,84.79288404,0.024985241,14.9692075,0.212923226,0.237908467
932.015665,99.94970703,2400,84.77616717,0.024938505,14.98589776,0.212996566,0.237935071
932.5170454,99.94946289,2381,84.75938755,0.024902552,15.00267747,0.213032428,0.23793498
933.0173208,99.9491272,2343,84.74277108,0.024905777,15.01927321,0.213049929,0.237955706
933.5173424,99.94940186,2311,84.72595382,0.024918483,15.03606458,0.213063117,0.2379816
934.0182403,99.94897461,2318,84.709124,0.024933888,15.05286069,0.213081427,0.238015315
934.5185151,99.94955444,2277,84.69246988,0.024891735,15.06948225,0.21315614,0.238047875
935.0208231,99.94845581,2270,84.67567771,0.024873746,15.08628346,0.213165087,0.238038833
935.5238824,99.94869995,2308,84.65889809,0.024829151,15.1030469,0.213225853,0.238055004
936.025889,99.94857788,2347,84.64213102,0.024771051,15.11980628,0.213291643,0.238062694
936.5262383,99.94909668,2413,84.62532631,0.024667576,15.13658995,0.213416165,0.238083741
937.0268106,99.94815063,2403,84.60852159,0.024580907,15.15340702,0.213490485,0.238071392
937.5270064,99.94711304,2399,84.59164157,0.024542435,15.17030392,0.213512081,0.238054516
938.0289452,99.94741821,2386,84.5747992,0.024462707,15.18712211,0.213615987,0.238078694
938.5302516,99.94732666,2379,84.55790663,0.024390954,15.20400939,0.213693029,0.238083983
939.0321928,99.94714355,2403,84.54115838,0.024350196,15.22073603,0.213755388,0.238105584
939.5330553,99.94711304,2398,84.52441642,0.024284285,15.23744971,0.213849588,0.238133873
940.0339307,99.94650269,2410,84.50761797,0.024297665,15.25422607,0.21385829,0.238155955
940.5351348,99.94711304,2408,84.4908509,0.024286581,15.27095456,0.213907951,0.238194532
941.0355281,99.94726563,2411,84.47417796,0.024313129,15.28758485,0.213924056,0.238237185
941.5356826,99.94671631,2403,84.45734187,0.024369184,15.30436489,0.213924056,0.23829324
942.0377859,99.94692993,2407,84.44053715,0.024428822,15.32110953,0.213924497,0.238353319
942.5379164,99.9473877,2410,84.42379518,0.024486568,15.33779248,0.213925771,0.238412339
943.0388304,99.94747925,2394,84.40709714,0.024546373,15.35442895,0.213927536,0.238473909
943.5398739,99.94775391,2395,84.39011044,0.024600079,15.37135574,0.213933738,0.238533817
944.0405618,99.94787598,2407,84.37323042,0.024652222,15.38817948,0.21393788,0.238590102
944.5405956,99.94747925,2396,84.35634413,0.024704873,15.40500621,0.213944793,0.238649666
945.0412799,99.94790649,2402,84.33966491,0.024747655,15.42161374,0.213973693,0.238721348
945.5416258,99.94763184,2417,84.32304217,0.024797058,15.43816509,0.21399568,0.238792738
946.0433542,99.94796753,2428,84.30626255,0.024800174,15.45487416,0.214063113,0.238863287
946.5447045,99.94747925,2454,84.28944528,0.024812023,15.47163335,0.214109343,0.238921366
947.0447436,99.94747925,2478,84.27277861,0.024831985,15.48823108,0.214158318,0.238990303
947.5448816,99.94674683,2493,84.25603037,0.024866487,15.50491803,0.21418511,0.239051597
948.0455085,99.94625854,2487,84.23925075,0.024890109,15.52163209,0.21422705,0.239117159
948.5463344,99.94537354,2512,84.22261546,0.024936462,15.53821338,0.214234698,0.23917116
949.0471773,99.94467163,2530,84.20586094,0.024986269,15.55491804,0.214234747,0.239221016
949.5490098,99.9440918,2544,84.18894955,0.025037982,15.57177728,0.214235188,0.23927317
950.0494523,99.94497681,2583,84.17228916,0.025061415,15.58837215,0.214277275,0.23933869
950.5511698,99.94451904,2574,84.15571662,0.025071562,15.60488442,0.214327402,0.239398964
951.0532992,99.94393921,2606,84.1390123,0.025046719,15.62151163,0.214429348,0.239476067
951.554792,99.94302368,2580,84.12248996,0.024999432,15.63797726,0.214533353,0.239532785
952.0565964,99.94259644,2562,84.10571034,0.025048407,15.65469731,0.214543942,0.239592349
952.5577701,99.94308472,2575,84.08893072,0.025049842,15.67139328,0.214626156,0.239675998
953.0583454,99.94348145,2568,84.0720758,0.024990661,15.68818862,0.214744917,0.239735578
953.5586958,99.94302368,2569,84.05519578,0.024982478,15.70504398,0.214777763,0.239760241
954.0606938,99.94268799,2561,84.03846009,0.024994482,15.72173526,0.214810168,0.23980465
954.5637938,99.94381714,2568,84.02168675,0.024929515,15.73843054,0.214953197,0.239882712
955.065429,99.94342041,2546,84.0048883,0.024860256,15.75520306,0.215048377,0.239908633
955.5666996,99.94299316,2502,83.98822164,0.024857128,15.77186205,0.215059187,0.239916315
956.0674812,99.94268799,2485,83.97154242,0.024879391,15.7885042,0.215073992,0.239953383
956.5691426,99.9425354,2472,83.95471888,0.024916086,15.80528543,0.215079606,0.239995692
957.0701913,99.94302368,2476,83.93791416,0.02493949,15.82203564,0.215110711,0.240050201
957.5719683,99.94436646,2517,83.92122239,0.024903094,15.83866171,0.215212804,0.240115898
958.0719888,99.94421387,2530,83.9043863,0.024910273,15.85546442,0.215239008,0.240149281
958.5724585,99.94433594,2509,83.88763805,0.024928216,15.87215648,0.215277247,0.240205463
959.0755319,99.94546509,2500,83.87087098,0.024907448,15.88884267,0.215378898,0.240286346
959.5772345,99.94528198,2477,83.85416667,0.024847763,15.90549115,0.215494424,0.240342187
960.0783594,99.94613647,2496,83.83741215,0.024766372,15.92217609,0.215645394,0.240411766
960.5793284,99.94616699,2493,83.8206137,0.024698789,15.93895232,0.215735182,0.240433971
961.0794159,99.94638062,2493,83.80382781,0.02471099,15.95569925,0.215761949,0.240472939
961.5800654,99.94561768,2482,83.78712977,0.024765732,15.97234184,0.21576266,0.240528392
962.0802924,99.94546509,2439,83.77021837,0.024815473,15.98920097,0.215765185,0.240580658
962.5821965,99.94598389,2436,83.75348896,0.024860272,16.00586889,0.215781878,0.24064215
963.0838218,99.94717407,2407,83.73648343,0.024897251,16.0228182,0.21580112,0.240698371
963.584297,99.94763184,2432,83.71960341,0.024934481,16.03965013,0.215811978,0.240746459
964.0865229,99.94827271,2444,83.70262299,0.024964525,16.05658278,0.215829701,0.240794226
964.5874674,99.94827271,2441,83.6858622,0.024989035,16.07329227,0.215856492,0.240845527
965.0898684,99.94796753,2465,83.66888178,0.025031948,16.09022402,0.215862253,0.240894201
965.5907828,99.94967651,2473,83.65219629,0.02505933,16.10684142,0.215902967,0.240962297
966.0912887,99.95053101,2458,83.63545432,0.025050542,16.12353621,0.215958928,0.24100947
966.591925,99.95089722,2452,83.61863705,0.02501667,16.14031686,0.216029425,0.241046095
967.0936967,99.95046997,2442,83.60172565,0.025006165,16.15719106,0.216077126,0.241083291
967.594193,99.95071411,2424,83.58491466,0.024981791,16.17396367,0.216139877,0.241121668
968.0949259,99.95101929,2386,83.56808484,0.024931565,16.19076526,0.21621834,0.241149905
968.5952224,99.95169067,2395,83.55126757,0.024840334,16.20755218,0.21633992,0.241180254
969.0977586,99.95275879,2405,83.5344754,0.024739833,16.22426196,0.216522805,0.241262638
969.598175,99.9526062,2378,83.51752008,0.024703454,16.24119285,0.21658362,0.241287074
970.098677,99.9520874,2415,83.50064006,0.024687685,16.25802919,0.216643062,0.241330747
970.6004107,99.9515686,2394,83.48383534,0.024659231,16.27477925,0.216726182,0.241385413
971.1009832,99.95126343,2360,83.46688002,0.024631689,16.29169352,0.216794767,0.241426456
971.6015814,99.95141602,2344,83.4501506,0.024615158,16.30837373,0.216860508,0.241475666
972.1018913,99.95251465,2350,83.43347139,0.024526596,16.32497868,0.217023342,0.241549938
972.6035737,99.95263672,2361,83.41682982,0.024490219,16.34157597,0.217103987,0.241594206
973.1038227,99.95248413,2379,83.40021335,0.024449244,16.35813172,0.217205688,0.241654932
973.6050753,99.95230103,2396,83.38344629,0.024427095,16.37484065,0.217285965,0.24171306
974.1059299,99.95166016,2387,83.36674824,0.024460133,16.39148808,0.21730354,0.241763673
974.6068657,99.95111084,2395,83.34986195,0.024494003,16.40831803,0.217326018,0.241820021
975.107979,99.95114136,2398,83.33299448,0.024473477,16.42513028,0.21740176,0.241875237
975.6093722,99.95101929,2424,83.31620231,0.024429,16.44185846,0.217510226,0.241939226
976.1105699,99.95092773,2429,83.29951054,0.024394321,16.45850451,0.217590626,0.241984947
976.6114849,99.95043945,2442,83.28271837,0.02435705,16.47524627,0.217678306,0.242035356
977.1115514,99.94992065,2438,83.2659011,0.024345781,16.49200713,0.217745984,0.242091765
977.6126016,99.95013428,2452,83.24910894,0.024313983,16.50871381,0.217863274,0.242177257
978.1136449,99.95004272,2466,83.23225402,0.024351575,16.5254975,0.217896905,0.24224848
978.614902,99.95019531,2466,83.21536145,0.024392982,16.54232067,0.217924898,0.24231788
979.1163723,99.95043945,2463,83.19841867,0.024446507,16.55919357,0.217941247,0.242387754
979.6173285,99.95083618,2452,83.18166416,0.024505977,16.57586607,0.217963799,0.242469776
980.1185639,99.95053101,2449,83.16452058,0.024571602,16.59294063,0.217967181,0.242538783
980.6200281,99.95166016,2454,83.14772841,0.024601451,16.60965459,0.218015544,0.242616995
981.1202861,99.95141602,2460,83.13077309,0.024660572,16.62654354,0.218022799,0.242683371
981.6204575,99.95162964,2452,83.11404995,0.024716729,16.64319099,0.218042335,0.242759064
982.1225388,99.95175171,2479,83.0971009,0.024780621,16.66006692,0.218051552,0.242832173
982.6238449,99.95236206,2476,83.08034639,0.024819893,16.67675366,0.218080059,0.242899952
983.1241014,99.95153809,2485,83.06359187,0.024873605,16.69344966,0.218084864,0.242958469
983.6253731,99.95144653,2470,83.04674322,0.024938622,16.71022601,0.218092144,0.243030766
984.1282744,99.95220947,2465,83.03000126,0.024969752,16.72689694,0.21813205,0.243101802
984.6291503,99.95251465,2470,83.01334714,0.024919671,16.743489,0.218244193,0.243163864
985.1292967,99.95166016,2481,82.99646712,0.024922205,16.76033256,0.218278117,0.243200322
985.6310167,99.95071411,2493,82.9796624,0.024913773,16.77708404,0.21833979,0.243253563
986.1320372,99.95013428,2488,82.96284513,0.024895673,16.79383653,0.218422665,0.243318338
986.6329478,99.94937134,2494,82.94603414,0.024895532,16.81059519,0.218475146,0.243370678
987.1330021,99.9486084,2477,82.92951807,0.024898403,16.82709193,0.218491593,0.243389996
987.6334112,99.94891357,2466,82.91285141,0.024882472,16.84370555,0.21856057,0.243443042
988.1359364,99.94921875,2475,82.89596511,0.024850349,16.8605497,0.218634842,0.243485191
988.6360913,99.94854736,2458,82.87907882,0.024849189,16.87740668,0.218665311,0.2435145
989.1380851,99.94805908,2454,82.86217369,0.024872347,16.89427183,0.218682126,0.243554473
989.6382686,99.94830322,2441,82.8454129,0.02490286,16.91097522,0.218709016,0.243611876
990.1400319,99.94830322,2462,82.82856426,0.024938309,16.92776739,0.218730047,0.243668356
990.6414346,99.94790649,2449,82.81176581,0.024951736,16.94451752,0.218764928,0.243716664
991.1415878,99.94769287,2438,82.79481677,0.024964277,16.96143998,0.218778973,0.24374325
991.6421615,99.94750977,2439,82.77805597,0.024957049,16.9781881,0.218798877,0.243755926
992.1426964,99.9480896,2435,82.76121988,0.024896931,16.99498474,0.218898445,0.243795376
992.644478,99.9498291,2437,82.74459086,0.024743222,17.0115399,0.219126016,0.243869238
993.1460717,99.95046997,2459,82.72779242,0.024605674,17.0282844,0.219317504,0.243923178
993.6478101,99.94976807,2469,82.7109375,0.024595438,17.04512215,0.219344909,0.243940347
994.14905,99.94979858,2460,82.69398218,0.024607507,17.06204442,0.219365891,0.243973398
994.6508785,99.95001221,2414,82.67713981,0.024605694,17.07883112,0.219423372,0.244029066
995.1518603,99.94976807,2351,82.66026606,0.02460497,17.09566669,0.219462273,0.244067243
995.6528379,99.949646,2299,82.64341114,0.024598796,17.11248293,0.21950713,0.244105926
996.1533345,99.94952393,2312,82.62667545,0.024611521,17.12917455,0.219538481,0.244150002
996.6534234,99.949646,2298,82.60995231,0.024599797,17.14584666,0.219601232,0.244201029
997.1539495,99.94918823,2299,82.59319779,0.024596142,17.16255834,0.219647732,0.244243874
997.6544004,99.94866943,2284,82.57651857,0.024571266,17.17918095,0.21972921,0.244300476
998.1552158,99.94796753,2271,82.55975151,0.024578675,17.19590651,0.219763306,0.244341981
998.6574084,99.94775391,2270,82.54300954,0.02456933,17.21259591,0.219825224,0.244394554
999.1576656,99.94720459,2271,82.52617972,0.024568403,17.229383,0.21986888,0.244437283
999.6585629,99.94662476,2227,82.50925577,0.024607773,17.24626049,0.219875964,0.244483737
1000.159039,99.94641113,2222,82.49245105,0.024650637,17.26301869,0.219879616,0.244530253
1000.659107,99.94607544,2222,82.47557103,0.024681169,17.2798598,0.219887999,0.244569168
1001.159514,99.94656372,2205,82.45878514,0.024719195,17.29659399,0.219901677,0.244620872
1001.661617,99.94775391,2226,82.44199297,0.024750461,17.31332462,0.219931949,0.24468241
1002.163001,99.94836426,2222,82.42511295,0.02476495,17.3301611,0.219960996,0.244725946
1002.665113,99.94863892,2235,82.40838353,0.024764171,17.34684178,0.220010511,0.244774682
1003.166144,99.94882202,2255,82.39156627,0.024780796,17.36359674,0.220056201,0.244836997
1003.66771,99.9491272,2278,82.37486195,0.024772575,17.38024089,0.22012459,0.244897165
1004.169986,99.94882202,2316,82.35813253,0.024756788,17.39690692,0.220203764,0.244960552
1004.671833,99.9491272,2370,82.34151606,0.02470217,17.41345277,0.220328997,0.245031167
1005.172928,99.94848633,2392,82.3247992,0.024681076,17.43012891,0.220390816,0.245071892
1005.674898,99.94750977,2395,82.3079631,0.024693502,17.44691902,0.220424373,0.245117875
1006.1761,99.94668579,2410,82.29111446,0.024714461,17.46372227,0.220448812,0.245163273
1006.67662,99.94638062,2390,82.27431601,0.024741961,17.48047333,0.220468691,0.245210652
1007.177677,99.94573975,2363,82.25717871,0.024790955,17.49756164,0.220468691,0.245259646
1007.679193,99.94641113,2379,82.24043675,0.024834076,17.51424808,0.220481094,0.24531517
1008.179205,99.94638062,2361,82.22374498,0.02487227,17.53090129,0.220481462,0.245353732
1008.680241,99.94677734,2374,82.20691516,0.0249066,17.54769214,0.220486095,0.245392695
1009.181474,99.94747925,2378,82.19002259,0.024938274,17.56454329,0.220495851,0.245434125
1009.682777,99.94815063,2370,82.17305472,0.024968473,17.58147682,0.220499993,0.245468466
1010.184217,99.94900513,2344,82.15621235,0.024988813,17.59827843,0.220520412,0.245509225
1010.685221,99.9493103,2341,82.13955196,0.024998134,17.6149027,0.220547203,0.245545337
1011.187996,99.94943237,2379,82.12272841,0.025018877,17.63167102,0.220581692,0.245600569
1011.690726,99.94937134,2420,82.10611822,0.025019,17.64824407,0.220618705,0.245637705
1012.192114,99.94940186,2424,82.08928213,0.024990581,17.66504326,0.22068403,0.245674611
1012.693937,99.94992065,2486,82.07265311,0.024997867,17.68161065,0.220738373,0.24573624
1013.19461,99.94973755,2519,82.05587349,0.024975816,17.69834437,0.220806321,0.245782137
1013.696216,99.94973755,2536,82.0390876,0.024998517,17.71507557,0.220838309,0.245836826
1014.197007,99.9498291,2562,82.02233936,0.024987165,17.73176737,0.22090611,0.245893275
1014.698663,99.94955444,2595,82.00558484,0.024988868,17.74848783,0.220938466,0.245927334
1015.200614,99.94946289,2579,81.98875502,0.024989926,17.76527038,0.220984671,0.245974597
1015.701865,99.94992065,2564,81.9720005,0.024962322,17.78199343,0.221043745,0.246006067
1016.203212,99.94921875,2566,81.95502008,0.024941336,17.79896481,0.221073773,0.246015109
1016.703899,99.94976807,2590,81.93843499,0.024858754,17.81551831,0.22118795,0.246046704
1017.204398,99.94909668,2612,81.92183107,0.024836268,17.83210595,0.221226704,0.246062972
1017.705981,99.94848633,2578,81.90488203,0.024833331,17.84903722,0.221247416,0.246080747
1018.206058,99.94869995,2560,81.88808986,0.024827174,17.86580106,0.221281905,0.246109079
1018.706835,99.94952393,2587,81.87134789,0.024778262,17.88249284,0.221381007,0.246159269
1019.208312,99.94961548,2582,81.85457455,0.024782443,17.89922567,0.221417334,0.246199777
1019.709342,99.94979858,2600,81.83790161,0.024740564,17.91585934,0.221498494,0.246239058
1020.209433,99.94995117,2607,81.82120984,0.024740113,17.9325178,0.221532247,0.24627236
1020.711072,99.9498291,2627,81.80440512,0.024721552,17.94927191,0.22160142,0.246322972
1021.21192,99.94958496,2621,81.78761923,0.024639764,17.96606066,0.221680349,0.246320113
1021.714779,99.94992065,2619,81.77095884,0.024530452,17.98266902,0.221841688,0.24637214
1022.216866,99.95068359,2626,81.75436747,0.02436965,17.99919968,0.222063204,0.246432854
1022.717611,99.95046997,2618,81.7377008,0.024311467,18.01584469,0.22214304,0.246454507
1023.218342,99.94961548,2597,81.72074548,0.024326845,18.03278002,0.222147648,0.246474493
1023.719076,99.94979858,2592,81.70392821,0.02433929,18.04954639,0.222186108,0.246525398
1024.220258,99.94946289,2569,81.68706702,0.024349416,18.06636245,0.222221111,0.246570527
1024.721665,99.95007324,2545,81.67041918,0.024310755,18.08293956,0.222330509,0.246641264
1025.222819,99.94970703,2499,81.65367721,0.024328134,18.09963915,0.222355511,0.246683645
1025.725349,99.94979858,2488,81.63697289,0.0243238,18.11627708,0.222426228,0.246750028
1026.226214,99.94946289,2480,81.62033133,0.024258643,18.13286431,0.222545725,0.246804368
1026.727449,99.94900513,2464,81.60367721,0.024189043,18.14946563,0.222668114,0.246857157
1027.227504,99.94876099,2450,81.58699799,0.024079521,18.16611274,0.222809745,0.246889266
1027.728069,99.94802856,2440,81.57019327,0.024072636,18.18289618,0.222837909,0.246910545
1028.228195,99.94812012,2424,81.55360191,0.024065372,18.19943704,0.222895684,0.246961056
1028.729223,99.94760132,2388,81.53644578,0.024103854,18.2165524,0.222897964,0.247001818
1029.229552,99.94781494,2345,81.51962224,0.024133089,18.23333575,0.222908921,0.24704201
1029.731586,99.94747925,2299,81.50279869,0.024162069,18.25012796,0.222911274,0.247073343
1030.233029,99.94885254,2263,81.48605045,0.024161842,18.26682542,0.222962284,0.247124126
1030.73495,99.94940186,2238,81.46948419,0.024170596,18.28333871,0.223006504,0.2471771
1031.235074,99.95037842,2245,81.45273594,0.024120617,18.30001871,0.223124725,0.247245342
1031.737026,99.95089722,2226,81.43597515,0.024076937,18.3167145,0.223233412,0.247310349
1032.238653,99.95095825,2235,81.41921436,0.024007541,18.3334424,0.223335701,0.247343242
1032.739803,99.95175171,2261,81.40262299,0.023871646,18.34996013,0.223545231,0.247416877
1033.240678,99.9520874,2281,81.38589357,0.02371893,18.36666313,0.223724365,0.247443295
1033.741445,99.95126343,2276,81.36913906,0.023673999,18.38340302,0.22378393,0.247457929
1034.242519,99.95031738,2260,81.35228414,0.023692414,18.40023731,0.223786136,0.24747855
1034.742884,99.95010376,2244,81.33525351,0.023742942,18.41721733,0.223786209,0.247529151
1035.243406,99.94973755,2231,81.31837349,0.023797899,18.43403845,0.223790156,0.247588055
1035.743428,99.95050049,2237,81.3017633,0.023841201,18.45059247,0.223803025,0.247644226
1036.24393,99.94976807,2217,81.28481426,0.023873619,18.46750709,0.223805035,0.247678654
1036.744177,99.95046997,2244,81.26803464,0.023876561,18.4842381,0.223850701,0.247727262
1037.2459,99.95013428,2202,81.25126757,0.023886427,18.50097731,0.223868693,0.24775512
1037.746456,99.94998169,2226,81.23461345,0.023885022,18.51760923,0.223892298,0.24777732
1038.248072,99.95101929,2270,81.21804091,0.02385735,18.53413995,0.22396179,0.24781914
1038.748408,99.9510498,2296,81.20136797,0.023864853,18.55076259,0.224004588,0.247869441
1039.24966,99.95019531,2317,81.18451305,0.023902568,18.56756761,0.22401677,0.247919338
1039.749873,99.94906616,2310,81.16773343,0.023958995,18.58428855,0.224019025,0.24797802
1040.251207,99.94897461,2313,81.15099147,0.024014239,18.60095512,0.224039174,0.248053413
1040.751383,99.94885254,2355,81.13420557,0.02405712,18.61767548,0.224061823,0.248118943
1041.251511,99.94830322,2355,81.11747615,0.024064406,18.63436107,0.224098371,0.248162777
1041.753658,99.94702148,2390,81.10056476,0.024075121,18.65123214,0.224127982,0.248203103
1042.2542,99.94656372,2382,81.08392319,0.024093672,18.66781998,0.224163157,0.248256829
1042.755125,99.94580078,2388,81.06689257,0.024136788,18.68480003,0.224170608,0.248307396
1043.256234,99.94561768,2378,81.0502761,0.024161998,18.70135261,0.224209288,0.248371286
1043.757204,99.94543457,2399,81.03359061,0.024200292,18.71797054,0.224238556,0.248438848
1044.258553,99.94506836,2424,81.01694277,0.024242947,18.73454349,0.224270789,0.248513736
1044.759032,99.94436646,2440,81.0002008,0.02429293,18.75122842,0.224277849,0.248570779
1045.260047,99.94381714,2460,80.98354669,0.024342011,18.76782924,0.224282065,0.248624076
1045.762824,99.94418335,2491,80.9668863,0.02439414,18.78441992,0.22429964,0.24869378
1046.265321,99.94491577,2501,80.95016315,0.024422649,18.80106806,0.224346139,0.248768788
1046.766327,99.94540405,2517,80.93351531,0.024380211,18.81766085,0.224443624,0.248823835
1047.267232,99.94552612,2540,80.91678589,0.024380774,18.83434397,0.224489364,0.248870138
1047.770346,99.94577026,2566,80.90018825,0.024374842,18.85086131,0.224575597,0.248950439
1048.273198,99.94647217,2590,80.88361571,0.024273035,18.86734919,0.224762061,0.249035096
1048.776231,99.94659424,2594,80.86699297,0.024115142,18.88387456,0.22501733,0.249132472
1049.277436,99.94558716,2591,80.85016315,0.024076528,18.90066254,0.225097779,0.249174307
1049.777954,99.94482422,2564,80.83345884,0.024069065,18.91729556,0.225176536,0.249245601
1050.278733,99.94412231,2574,80.81684237,0.024084025,18.93386949,0.225204112,0.249288137
1050.78022,99.94378662,2549,80.7999498,0.02412939,18.95070363,0.225217177,0.249346567
1051.2824,99.94363403,2514,80.78320783,0.024179613,18.96738079,0.225231762,0.249411375
1051.783289,99.94342041,2481,80.76640311,0.024235731,18.98411733,0.225243822,0.249479553
1052.284323,99.94329834,2479,80.74976155,0.024281012,19.00070563,0.225251813,0.249532825
1052.785359,99.9432373,2471,80.73291918,0.024320419,19.01750465,0.225255759,0.249576178
1053.287346,99.94354248,2461,80.71595758,0.024376629,19.0344051,0.225260686,0.249637315
1053.788626,99.94415283,2429,80.69908384,0.024433881,19.05121804,0.225264241,0.249698122
1054.290197,99.94512939,2416,80.68250502,0.024476358,19.06774364,0.225274977,0.249751335
1054.790309,99.94580078,2407,80.66581325,0.024507838,19.08439445,0.225284463,0.249792301
1055.293059,99.94662476,2413,80.64903363,0.024524531,19.10113749,0.225304342,0.249828873
1055.795612,99.94677734,2395,80.63253012,0.024534791,19.11760462,0.225330472,0.249865263
1056.2962,99.94720459,2393,80.6157505,0.024530998,19.1343566,0.225361897,0.249892895
1056.797243,99.94692993,2383,80.59924699,0.024537631,19.15083255,0.22538283,0.249920461
1057.297469,99.94815063,2372,80.58275602,0.024516131,19.16727474,0.225453106,0.249969237
1057.800033,99.94839478,2371,80.56610191,0.024499077,19.18387637,0.225522647,0.250021724
1058.300169,99.94766235,2327,80.54934739,0.024506766,19.20059165,0.225554194,0.25006096
1058.802277,99.94720459,2307,80.53257405,0.024555677,19.21730363,0.225566646,0.250122323
1059.30292,99.94702148,2267,80.51576305,0.024603537,19.23406225,0.225571157,0.250174694
1059.803283,99.9465332,2229,80.49895833,0.0246512,19.25081872,0.225571745,0.250222945
1060.304816,99.94656372,2212,80.48221637,0.024695917,19.26751455,0.225573167,0.250269084
1060.80638,99.94708252,2218,80.4654995,0.02472599,19.28419137,0.225583143,0.250309133
1061.30705,99.94821167,2249,80.44898343,0.024728308,19.30065153,0.225636727,0.250365035
1061.807399,99.94836426,2267,80.43242344,0.024721722,19.31715443,0.225700409,0.250422131
1062.308309,99.9475708,2243,80.41578815,0.02476021,19.3337466,0.225705042,0.250465252
1062.809325,99.94662476,2236,80.39899598,0.024819868,19.35047871,0.225705434,0.250525302
1063.310307,99.94696045,2235,80.38244227,0.024870381,19.36696819,0.225719161,0.250589542
1063.810954,99.94692993,2237,80.36581325,0.024915479,19.38353539,0.225735878,0.250651357
1064.313726,99.94717407,2249,80.34919679,0.024943259,19.40008165,0.225778309,0.250721568
1064.815857,99.94726563,2255,80.33253012,0.024932173,19.416694,0.225843707,0.25077588
1065.316593,99.94720459,2264,80.31585718,0.02492586,19.43330339,0.225913566,0.250839426
1065.816949,99.94668579,2268,80.29914659,0.024919518,19.44996157,0.225972322,0.25089184
1066.317808,99.94641113,2265,80.28240462,0.024904757,19.46664251,0.226048113,0.25095287
1066.818814,99.94604492,2267,80.26554342,0.024917967,19.48345562,0.226082994,0.251000961
1067.319139,99.94577026,2273,80.24882028,0.024943685,19.50013024,0.22610579,0.251049475
1067.819546,99.9460144,2260,80.23210341,0.024980752,19.51678173,0.226134102,0.251114854
1068.320663,99.94677734,2275,80.2154493,0.025017829,19.53337156,0.22616131,0.251179139
1068.821762,99.94662476,2279,80.19884538,0.02506807,19.54991681,0.226169742,0.251237812
1069.322336,99.94671631,2313,80.18217871,0.025117009,19.56652157,0.226182709,0.251299718
1069.824284,99.94638062,2331,80.16541792,0.025171407,19.58321524,0.226195431,0.251366838
1070.325731,99.94708252,2339,80.14888303,0.025200126,19.59967967,0.226237175,0.251437301
1070.826536,99.94763184,2312,80.13221637,0.02522272,19.61628918,0.226271737,0.251494457
1071.327055,99.94726563,2314,80.1154995,0.025265451,19.63295915,0.226275904,0.251541355
1071.828197,99.94683838,2299,80.09867595,0.025311668,19.64973647,0.226275904,0.251587572
1072.328725,99.94747925,2328,80.08196536,0.02536016,19.66639791,0.226276566,0.251636726
1072.829482,99.94815063,2342,80.06518574,0.025394363,19.68313139,0.226288504,0.251682867
1073.331178,99.94857788,2361,80.04853163,0.025403396,19.69974892,0.226316055,0.251719451
1073.831697,99.94836426,2355,80.03182103,0.025378306,19.7164461,0.226354564,0.25173287
1074.332003,99.94754028,2356,80.01507279,0.025378424,19.73317116,0.22637763,0.251756054
1074.833743,99.94726563,2365,79.9982618,0.025412335,19.74994611,0.226379762,0.251792097
1075.335341,99.94744873,2379,79.9815261,0.025450441,19.76663948,0.226383978,0.251834419
1075.835988,99.94805908,2397,79.96494729,0.025472826,19.78317301,0.226406873,0.251879699
1076.336986,99.94815063,2426,79.94834965,0.025487615,19.79973277,0.226429963,0.251917578
1076.839601,99.94891357,2462,79.93178338,0.025441221,19.81624944,0.226525952,0.251967173
1077.339751,99.94894409,2476,79.91531124,0.025290933,19.83268435,0.22671347,0.252004403
1077.841505,99.9480896,2479,79.8987136,0.025220349,19.84925548,0.226810563,0.252030912
1078.343126,99.94775391,2500,79.88217871,0.025123636,19.86576408,0.226933564,0.2520572
1078.845702,99.94708252,2527,79.8655246,0.025096751,19.8823806,0.226998056,0.252094807
1079.347101,99.9460144,2549,79.84884538,0.025104108,19.89903356,0.227016955,0.252121063
1079.847846,99.94555664,2575,79.83228539,0.025119576,19.91556254,0.227032495,0.252152071
1080.348273,99.94491577,2562,79.8157254,0.02513865,19.93209429,0.227041663,0.252180313
1080.849717,99.94458008,2597,79.79928464,0.025152465,19.94850724,0.227055659,0.252208124
1081.350146,99.94421387,2602,79.78255522,0.025176447,19.96520547,0.227062866,0.252239313
1081.852757,99.94393921,2614,79.7657756,0.025202574,19.98194315,0.227078676,0.25228125
1082.353944,99.94430542,2606,79.74920934,0.025188452,19.99846797,0.227134245,0.252322697
1082.854213,99.94381714,2545,79.73279367,0.025208266,20.01485399,0.227144074,0.25235234
1083.355142,99.94348145,2505,79.71608308,0.025219658,20.03153421,0.227163047,0.252382705
1083.855199,99.94396973,2490,79.69941014,0.025260927,20.0481613,0.22716763,0.252428557
1084.355763,99.94421387,2476,79.68273092,0.025308416,20.0647882,0.227172459,0.252480875
1084.855764,99.94451904,2460,79.66609563,0.025346725,20.08137697,0.227180671,0.252527396
1085.356594,99.94552612,2427,79.64954819,0.025363649,20.0978731,0.227215061,0.25257871
1085.856896,99.94528198,2401,79.6328878,0.025395776,20.11449362,0.227222807,0.252618583
1086.358647,99.94586182,2407,79.61597641,0.025415554,20.13137062,0.227237416,0.25265297
1086.859086,99.94613647,2396,79.59932856,0.025457958,20.14797118,0.227242294,0.252700252
1087.361312,99.9465332,2407,79.58251757,0.025496142,20.16473711,0.227249182,0.252745324
1087.861388,99.94692993,2415,79.56603916,0.025508084,20.18116473,0.227288034,0.252796118
1088.361626,99.94741821,2436,79.54961094,0.025487472,20.197543,0.22735858,0.252846052
1088.862756,99.94790649,2448,79.53317018,0.025461477,20.21394304,0.227425302,0.252886779
1089.363127,99.94729614,2451,79.51652861,0.02546637,20.23055072,0.2274543,0.25292067
1089.864184,99.94790649,2450,79.50000628,0.025430632,20.24701418,0.227548916,0.252979548
1090.367515,99.94750977,2440,79.48333333,0.025442827,20.26364271,0.227581125,0.253023952
1090.86886,99.94775391,2386,79.46662274,0.025479777,20.28030302,0.22759446,0.253074237
1091.369479,99.94741821,2392,79.44973645,0.025525901,20.29713863,0.227599019,0.25312492
1091.870943,99.94714355,2368,79.43294428,0.025569185,20.31388659,0.227599951,0.253169136
1092.371757,99.94714355,2340,79.41626506,0.025604499,20.33052728,0.227603162,0.253207661
1092.873756,99.94796753,2316,79.39974272,0.02556824,20.3470243,0.227664736,0.253232976
1093.375329,99.9473877,2288,79.38300703,0.025529743,20.36375761,0.227705622,0.253235365
1093.875435,99.94692993,2285,79.36638429,0.025550969,20.38034265,0.227722094,0.253273063
1094.37578,99.94677734,2271,79.3498243,0.025579586,20.39685652,0.227739596,0.253319182
1094.876154,99.94631958,2268,79.33310115,0.025608242,20.41354566,0.22774494,0.253353182
1095.376514,99.94577026,2264,79.31651606,0.025643137,20.43008711,0.227753691,0.253396828
1095.877823,99.94604492,2303,79.2998996,0.025649223,20.44666905,0.227782125,0.253431348
1096.379116,99.94665527,2320,79.28337098,0.025602863,20.4631548,0.227871349,0.253474212
1096.879547,99.94726563,2329,79.2669114,0.025560382,20.47957922,0.227949003,0.253509385
1097.379584,99.94747925,2354,79.25058358,0.025470522,20.49587362,0.228072274,0.253542796
1097.880626,99.94723511,2368,79.23409262,0.025442168,20.51233999,0.228125221,0.253567389
1098.382685,99.94720459,2398,79.21758911,0.02543934,20.5288092,0.228162356,0.253601696
1098.883909,99.94812012,2415,79.20135542,0.025304744,20.54497913,0.228360708,0.253665452
1099.384883,99.94842529,2458,79.18500251,0.025088241,20.56126437,0.228644877,0.253733118
1099.885466,99.94766235,2472,79.16854292,0.025020878,20.57769558,0.228740622,0.2537615
1100.386477,99.94735718,2474,79.15209588,0.024931489,20.59409388,0.228878747,0.253810236
1100.886945,99.94613647,2469,79.13551707,0.024944505,20.61064858,0.228889851,0.253834356
1101.387715,99.94546509,2461,79.11878765,0.024981028,20.62733657,0.228894754,0.253875782
1101.887741,99.94537354,2481,79.10232806,0.025021522,20.64374637,0.228904044,0.253925566
1102.388196,99.94558716,2467,79.0859124,0.025056882,20.66011677,0.228913947,0.253970829
1102.88924,99.94506836,2446,79.06922691,0.025099371,20.6767596,0.228914118,0.254013489
1103.389883,99.94491577,2438,79.05251632,0.025140418,20.69342547,0.228917795,0.254058213
1103.890345,99.94573975,2443,79.03609438,0.025160344,20.70979123,0.228954049,0.254114393
1104.390623,99.94503784,2441,79.01931476,0.025168415,20.7265578,0.228959025,0.25412744
1104.891465,99.94509888,2474,79.00278614,0.025169661,20.74306321,0.228980987,0.254150648
1105.394151,99.94488525,2471,78.98625753,0.025160665,20.75956302,0.229018785,0.25417945
1105.894685,99.94482422,2490,78.96980422,0.025130095,20.77600825,0.229057441,0.254187536
1106.397005,99.94412231,2511,78.95331325,0.025111671,20.79247645,0.229098621,0.254210292
1106.898245,99.94497681,2515,78.93697289,0.025014689,20.80876719,0.229245228,0.254259917
1107.398812,99.9447937,2519,78.9204882,0.024925851,20.82523336,0.229352591,0.254278442
1107.900868,99.94519043,2519,78.90399096,0.024858329,20.84169575,0.229454954,0.254313283
1108.402667,99.94552612,2535,78.88759413,0.024731096,20.85806143,0.229613351,0.254344447
1108.903891,99.94616699,2550,78.87120984,0.024506879,20.87439196,0.229891318,0.254398197
1109.404141,99.9453125,2561,78.85451807,0.024466898,20.89111687,0.229898157,0.254365055
1109.905528,99.94485474,2565,78.83782003,0.024471353,20.90778889,0.229919728,0.254391081
1110.406286,99.94387817,2558,78.82113454,0.024513504,20.9244315,0.229920463,0.254433967
1110.906485,99.94476318,2565,78.8047628,0.024528125,20.94074669,0.229962379,0.254490504
1111.408012,99.9453125,2596,78.78830949,0.024504935,20.95716113,0.230024443,0.254529378
1111.90976,99.94598389,2631,78.7719001,0.024425586,20.97355111,0.230123203,0.254548789
1112.410859,99.9463501,2620,78.75549699,0.024338257,20.98995968,0.230205073,0.25454333
1112.912156,99.94595337,2634,78.73880522,0.024285189,21.00667451,0.230235076,0.254520265
1113.413241,99.94543457,2618,78.72232681,0.024247235,21.02315438,0.230271575,0.25451881
1113.914813,99.94552612,2594,78.70600527,0.02422747,21.03945039,0.230316873,0.254544343
1114.415278,99.9453125,2536,78.68962726,0.024219845,21.05579798,0.230354916,0.254574761
1114.916409,99.94454956,2499,78.67321787,0.024219283,21.07219263,0.230370211,0.254589494
1115.418509,99.94491577,2475,78.65668298,0.024195516,21.08868494,0.230436566,0.254632082
1115.919921,99.9447937,2480,78.64012299,0.024157597,21.10523791,0.230481496,0.254639093
1116.420894,99.94476318,2480,78.6236634,0.024143118,21.12169698,0.230496498,0.254639616
1116.923749,99.94577026,2478,78.60736697,0.024031617,21.13794802,0.2306534,0.254685017
1117.425315,99.94573975,2470,78.59081325,0.023942667,21.15452411,0.230719975,0.254662642
1117.927433,99.94573975,2469,78.57427209,0.023880131,21.17103875,0.230809027,0.254689158
1118.427663,99.94580078,2448,78.55779367,0.023803159,21.1875006,0.230902565,0.254705724
1118.928618,99.94537354,2456,78.54107681,0.023775142,21.20424178,0.230906267,0.254681409
1119.429292,99.94546509,2448,78.52446662,0.023740608,21.22084258,0.230950192,0.2546908
1119.931732,99.94564819,2442,78.50792545,0.023704867,21.23736149,0.231008188,0.254713055
1120.432177,99.94598389,2431,78.49147214,0.023591939,21.25383434,0.231101579,0.254693518
1120.934342,99.94546509,2444,78.4748996,0.023520962,21.27038623,0.231193205,0.254714167
1121.436073,99.94558716,2444,78.45842746,0.02339897,21.28682435,0.231349225,0.254748195
1121.936442,99.94491577,2413,78.44176707,0.023375118,21.30348158,0.231376237,0.254751355
1122.438372,99.94528198,2400,78.4252761,0.023343833,21.31993048,0.231449578,0.254793411
1122.940217,99.94515991,2348,78.40879142,0.023317807,21.33640745,0.231483331,0.254801138
1123.441214,99.94558716,2317,78.39232555,0.023302435,21.35282745,0.231544562,0.254846997
1123.941482,99.94519043,2294,78.37589106,0.023290136,21.36926813,0.231550666,0.254840802
1124.4423,99.94485474,2281,78.35929342,0.023258992,21.38587128,0.231576305,0.254835297
1124.942586,99.94488525,2283,78.34284011,0.02322858,21.40230086,0.231630452,0.254859032
1125.445046,99.94546509,2302,78.32652485,0.023157078,21.41853194,0.231786129,0.254943207
1125.945346,99.94552612,2293,78.31025979,0.02302059,21.43471884,0.232000781,0.255021371
1126.445984,99.94464111,2263,78.29386295,0.022880375,21.45108438,0.232172293,0.255052668
1126.948913,99.943573,2257,78.27749749,0.022776206,21.46741633,0.232309977,0.255086183
1127.449195,99.94247437,2260,78.26125753,0.022681871,21.48362978,0.232430822,0.255112693
1127.950979,99.9418335,2226,78.24487324,0.022640452,21.49997298,0.23251333,0.255153782
1128.451335,99.94128418,2191,78.22850151,0.022624063,21.51630892,0.232565516,0.255189579
1128.951666,99.94024658,2172,78.21201054,0.022662292,21.53276148,0.232565688,0.25522798
1129.45251,99.94024658,2192,78.19546938,0.022702256,21.54925273,0.232575639,0.255277895
1129.953199,99.94055176,2207,78.17900351,0.0227079,21.56567512,0.232613462,0.255321362
1130.454077,99.94128418,2219,78.16256275,0.02269069,21.58207954,0.232667021,0.255357711
1130.956136,99.94174194,2243,78.14597139,0.022698972,21.59862482,0.232704818,0.25540379
1131.457545,99.94213867,2247,78.12952435,0.02272005,21.61499534,0.232760265,0.255480315
1131.958965,99.9432373,2244,78.11317144,0.022679912,21.63127583,0.232872824,0.255552736
1132.461901,99.94396973,2280,78.09671185,0.022627313,21.6476771,0.232983742,0.255611055
1132.962134,99.94451904,2282,78.08037149,0.022568196,21.6639673,0.233093017,0.255661213
1133.463444,99.94598389,2284,78.06416918,0.022486304,21.68008994,0.233254576,0.25574088
1133.96424,99.94552612,2276,78.04759036,0.022513154,21.69661916,0.233277323,0.255790477
1134.465692,99.94537354,2273,78.03101155,0.022567225,21.71314133,0.233279897,0.255847122
1134.966847,99.94577026,2282,78.01463353,0.022607324,21.72946863,0.233290511,0.255897835
1135.468706,99.94631958,2304,77.99832455,0.022606221,21.7457345,0.233334731,0.255940952
1135.969201,99.94625854,2325,77.98180848,0.022605249,21.76222506,0.233361204,0.255966453
1136.469748,99.94631958,2336,77.96533635,0.022637869,21.77865875,0.233367037,0.256004906
1136.970072,99.9473877,2324,77.94897088,0.022646353,21.79498016,0.233402605,0.256048958
1137.471008,99.94735718,2338,77.93250502,0.022664118,21.81140936,0.233421503,0.256085621
1137.971223,99.94781494,2336,77.91625251,0.022671417,21.82763275,0.233443319,0.256114736
1138.472058,99.94869995,2344,77.9,0.02266455,21.84381938,0.233516071,0.256180621
1138.972476,99.94876099,2346,77.88352159,0.022657845,21.86027758,0.233542985,0.25620083
1139.472711,99.94924927,2361,77.86730673,0.022631085,21.87646893,0.23359326,0.256224345
1139.97408,99.94854736,2383,77.85094754,0.022623116,21.89281155,0.233617796,0.256240912
1140.474659,99.94903564,2405,77.83473896,0.022587466,21.90898779,0.233685793,0.256273259
1140.975669,99.94937134,2406,77.81854292,0.022545967,21.92515068,0.233760432,0.256306399
1141.477017,99.94851685,2421,77.80211471,0.022557475,21.94155385,0.233773963,0.256331438
1141.978637,99.94787598,2435,77.78564885,0.022593815,21.9579747,0.23378264,0.256376455
1142.479981,99.94924927,2455,77.76961596,0.022565456,21.97395505,0.23386353,0.256428986
1142.98024,99.94952393,2474,77.75348896,0.022463416,21.99004514,0.234002489,0.256465905
1143.480306,99.94885254,2476,77.73714859,0.022455631,22.00635887,0.234036904,0.256492535
1143.981273,99.9486084,2488,77.72043173,0.02249068,22.02303726,0.234040336,0.256531016
1144.484749,99.94821167,2476,77.70411647,0.022527993,22.03930295,0.234052592,0.256580585
1144.986206,99.94882202,2453,77.68796436,0.022559308,22.05540055,0.234075781,0.256635089
1145.486366,99.94787598,2422,77.67152359,0.022597877,22.07180233,0.234076197,0.256674074
1145.987161,99.94729614,2412,77.65505773,0.022637226,22.08822757,0.234077472,0.256714698
1146.487926,99.94622803,2381,77.63864207,0.022678142,22.10460232,0.234077472,0.256755614
1146.98897,99.94598389,2348,77.62228288,0.022721523,22.12091756,0.234078036,0.256799559
1147.491861,99.94564819,2360,77.60583584,0.022763834,22.1373206,0.234079727,0.256843561
1147.99265,99.94573975,2371,77.58963981,0.02279271,22.15347457,0.234092915,0.256885625
1148.492837,99.94577026,2391,77.57334965,0.022780916,22.16972559,0.234143851,0.256924767
1148.995124,99.94503784,2386,77.55708459,0.022781568,22.18597399,0.234159857,0.256941425
1149.495759,99.94436646,2388,77.5408007,0.022776203,22.20222326,0.234199836,0.256976039
1149.998272,99.94418335,2391,77.52461094,0.022737679,22.21837261,0.234278765,0.257016444
1150.499014,99.94400024,2389,77.50853414,0.022670715,22.23440676,0.234388384,0.257059099
1150.999031,99.94274902,2387,77.49224398,0.022666995,22.25067653,0.234412504,0.257079499
1151.500719,99.94204712,2387,77.47585341,0.022678482,22.26702354,0.234444565,0.257123047
1152.001538,99.94128418,2376,77.45971386,0.022709588,22.28311961,0.234456944,0.257166532
1152.501935,99.94137573,2375,77.44351155,0.022722595,22.29927492,0.234490942,0.257213537
1153.004757,99.94134521,2400,77.42730924,0.022722322,22.31543159,0.234536853,0.257259175
1153.506013,99.94128418,2423,77.41127636,0.022714534,22.33141794,0.234591172,0.257305706
1154.006809,99.940979,2424,77.39509287,0.022689007,22.3475541,0.234664022,0.257353029
1154.509082,99.93991089,2378,77.37860191,0.022720797,22.36400977,0.234667528,0.257388325
1155.009279,99.93954468,2391,77.3622741,0.022756979,22.38029816,0.234670763,0.257427742
1155.509946,99.93948364,2397,77.34602786,0.022791226,22.39650762,0.234673288,0.257464514
1156.011114,99.94009399,2387,77.32988203,0.022829034,22.41260339,0.234685544,0.257514578
1156.511154,99.94049072,2393,77.31372364,0.022854265,22.42871618,0.234705913,0.257560178
1157.013594,99.94009399,2347,77.29723896,0.022893221,22.44515985,0.234707973,0.257601194
1157.514019,99.94061279,2314,77.28100527,0.022935204,22.46134028,0.234719248,0.257654452
1158.016006,99.94165039,2318,77.26486571,0.022969441,22.47741961,0.234745231,0.257714672
1158.517377,99.94207764,2334,77.24861948,0.022990214,22.49362292,0.23476739,0.257757604
1159.018846,99.94180298,2343,77.23225402,0.023022161,22.50995526,0.234768566,0.257790727
1159.519096,99.94219971,2354,77.21602661,0.023032192,22.52613614,0.234805065,0.257837257
1160.019225,99.9425354,2354,77.1998243,0.022988409,22.54230337,0.23488392,0.257872329
1160.521253,99.94250488,2360,77.18355924,0.022951246,22.55852851,0.234961011,0.257912257
1161.021466,99.9425354,2362,77.16737575,0.022948966,22.57467169,0.235003589,0.257952555
1161.522918,99.94238281,2389,77.15116717,0.022964159,22.59084849,0.235020183,0.257984342
1162.023623,99.94271851,2392,77.13492721,0.022959656,22.60705376,0.235059378,0.258019034
1162.523697,99.94244385,2404,77.11833584,0.022965642,22.62363284,0.235065678,0.25803132
1163.025055,99.94259644,2415,77.10202058,0.022984691,22.63991106,0.23508367,0.258068361
1163.52557,99.94287109,2374,77.08579317,0.02302644,22.65609135,0.235089038,0.258115478
1164.02652,99.94284058,2338,77.06933986,0.023065455,22.67250565,0.235089038,0.258154493
1164.5269,99.94317627,2336,77.05296812,0.023099374,22.68883898,0.235093524,0.258192898
1165.027722,99.94424438,2349,77.03675954,0.023135829,22.70499817,0.235106466,0.258242295
1165.528889,99.94464111,2361,77.02028112,0.023181082,22.72142966,0.235108133,0.258289215
1166.030671,99.94641113,2391,77.00410392,0.023226999,22.73755892,0.235110167,0.258337166
1166.531549,99.94689941,2418,76.9876757,0.023264029,22.7539478,0.235112471,0.2583765
1167.031738,99.94714355,2395,76.97139182,0.02328843,22.77018976,0.235129998,0.258418428
1167.533084,99.94680786,2398,76.95488203,0.023335104,22.78665184,0.235131027,0.258466131
1168.033456,99.94793701,2433,76.93880522,0.023370945,22.80266592,0.235157917,0.258528862
1168.534069,99.94854736,2451,76.92280371,0.023362907,22.81860313,0.235230252,0.258593159
1169.037231,99.94897461,2480,76.90668926,0.023306457,22.83464512,0.235359161,0.258665618
1169.537841,99.94854736,2510,76.89038655,0.023216434,22.85091532,0.235481697,0.258698131
1170.039183,99.94744873,2529,76.87429091,0.023164098,22.86695568,0.235589305,0.258753403
1170.540606,99.94717407,2532,76.85809488,0.023120627,22.88309476,0.235689732,0.258810359
1171.04228,99.94802856,2535,76.84214357,0.022975471,22.89897517,0.235905781,0.258881252
1171.542693,99.94720459,2548,76.82577811,0.022932327,22.91532966,0.235959904,0.258892231
1172.044176,99.94708252,2499,76.8095005,0.022935732,22.93155888,0.236004884,0.258940616
1172.545468,99.94622803,2496,76.79318524,0.022967024,22.9478204,0.236027337,0.258994361
1173.046206,99.94555664,2464,76.77685743,0.023017879,22.96409409,0.236030597,0.259048476
1173.547793,99.94607544,2462,76.76051079,0.023049173,22.98038375,0.236056286,0.259105459
1174.047849,99.94726563,2477,76.74442144,0.023065881,22.99640735,0.236105334,0.259171215
1174.547965,99.94717407,2498,76.72818148,0.023094493,23.01258936,0.236134675,0.259229168
1175.049026,99.94747925,2510,76.71206074,0.023093272,23.02864113,0.236204854,0.259298126
1175.549596,99.94866943,2539,76.69606551,0.02300283,23.04455456,0.2363771,0.25937993
1176.051131,99.9486084,2549,76.67993223,0.022955108,23.06063288,0.236479781,0.259434889
1176.551868,99.94787598,2561,76.66376757,0.022940428,23.07675663,0.236535375,0.259475803
1177.053063,99.94711304,2543,76.64745858,0.022974889,23.0930238,0.236542729,0.259517618
1177.553628,99.94613647,2546,76.63111195,0.023027464,23.10931656,0.236544028,0.259571492
1178.055244,99.94674683,2559,76.61512927,0.023062759,23.12523733,0.236570648,0.259633407
1178.556391,99.9473877,2526,76.59895833,0.023022648,23.14135951,0.236659504,0.259682152
1179.05749,99.94726563,2506,76.58281878,0.023003035,23.15747844,0.236699753,0.259702788
1179.560154,99.94717407,2485,76.56651606,0.022999326,23.17376456,0.236720049,0.259719375
1180.061156,99.94689941,2458,76.55023845,0.022999983,23.19002102,0.236740541,0.259740524
1180.562611,99.94625854,2416,76.53394829,0.02303354,23.206274,0.236744169,0.259777709
1181.063248,99.9460144,2414,76.51790286,0.023066187,23.22226992,0.236761033,0.25982722
1181.563878,99.94619751,2426,76.50170683,0.023097287,23.23841245,0.236783437,0.259880724
1182.064118,99.94696045,2418,76.48565512,0.02311622,23.25441135,0.236817313,0.259933533
1182.564303,99.94720459,2392,76.46939006,0.023128123,23.27062452,0.236857292,0.259985415
1183.066009,99.94741821,2355,76.45300577,0.023147166,23.28696859,0.236878471,0.260025637
1183.568791,99.94845581,2363,76.43697917,0.023162713,23.30294852,0.236909601,0.260072314
1184.068941,99.94897461,2364,76.42085216,0.023173221,23.3190298,0.236944825,0.260118046
1184.569156,99.9493103,2352,76.4047628,0.023187179,23.33506102,0.236988996,0.260176175
1185.070429,99.94869995,2330,76.38850402,0.023195078,23.35129073,0.237010174,0.260205252
1185.571395,99.94836426,2277,76.37208835,0.023196033,23.36769674,0.237018876,0.260214909
1186.072823,99.9486084,2293,76.35603037,0.023214783,23.38372533,0.237029515,0.260244298
1186.573043,99.94940186,2278,76.34004769,0.023236547,23.39967002,0.237045742,0.260282289
1187.073552,99.94952393,2250,76.32383911,0.023278672,23.41583562,0.237046599,0.260325271
1187.575199,99.94924927,2227,76.30750502,0.023323565,23.43212482,0.237046599,0.260370164
1188.076343,99.94937134,2233,76.29120231,0.02336217,23.44838799,0.237047531,0.260409701
1188.578584,99.94958496,2202,76.2749498,0.023396816,23.4646021,0.237051281,0.260448097
1189.080934,99.949646,2229,76.25881024,0.023433892,23.48070285,0.237053022,0.260486914
1189.58239,99.94989014,2214,76.24260166,0.023471192,23.49687337,0.237053782,0.260524974
1190.084681,99.95065308,2217,76.22654995,0.02349913,23.51288925,0.237061674,0.260560804
1190.584827,99.95285034,2252,76.21059864,0.023479204,23.52880349,0.237118665,0.260597869
1191.08705,99.95349121,2275,76.19439634,0.023407483,23.54500697,0.237189211,0.260596694
1191.590221,99.95483398,2284,76.1784262,0.023277391,23.56095147,0.237344936,0.260622327
1192.091787,99.95483398,2256,76.16241842,0.023116024,23.57696504,0.237500515,0.260616539
1192.595008,99.95425415,2271,76.14623494,0.0230162,23.59312118,0.237627684,0.260643884
1193.096274,99.95516968,2295,76.13037149,0.022894427,23.6089511,0.237782992,0.260677419
1193.59706,99.95495605,2268,76.11428213,0.02283297,23.62502972,0.23785518,0.26068815
1194.098207,99.95440674,2264,76.09795432,0.02283543,23.64135311,0.237857141,0.260692571
1194.59929,99.95358276,2254,76.08176456,0.022862403,23.65751455,0.23785849,0.260720893
1195.101097,99.95413208,2285,76.06563755,0.022887644,23.67360913,0.237865672,0.260753316
1195.602515,99.95507813,2287,76.04971135,0.022890834,23.68949487,0.237902955,0.260793789
1196.104002,99.95532227,2318,76.03369101,0.022878855,23.70547325,0.237956881,0.260835736
1196.60515,99.95535278,2331,76.01757656,0.022865629,23.72156907,0.237988747,0.260854376
1197.105437,99.95523071,2374,76.00141817,0.022880481,23.73769583,0.238005513,0.260885994
1197.605844,99.9571228,2407,75.98561747,0.022854133,23.75344898,0.238079417,0.26093355
1198.106197,99.95852661,2430,75.96979167,0.022730503,23.76923168,0.238246149,0.260976652
1198.606395,99.95864868,2460,75.95384664,0.02263751,23.78516999,0.238345864,0.260983374
1199.107648,99.9588623,2460,75.93803966,0.022522337,23.80096745,0.238470557,0.260992894
1199.608498,99.95895386,2467,75.92209463,0.022470781,23.8168853,0.23854929,0.261020071
1200,100,2467,75.91,0.02,23.83,0.24,0.26
